/* generated by tools/host-lisp/bytecode_p0_stdlib.py; do not edit */
#include "ide.h"

static const char lisp65_bc_boot_str_000[] LISP65_STDLIB_BOOTDATA = "%ide-line-net-depth";
static const char lisp65_bc_boot_str_001[] LISP65_STDLIB_BOOTDATA = "%ide-depth-above";
static const char lisp65_bc_boot_str_002[] LISP65_STDLIB_BOOTDATA = "%ide-insert-spaces";
static const char lisp65_bc_boot_str_003[] LISP65_STDLIB_BOOTDATA = "ide-split-line-indented";
static const char lisp65_bc_boot_str_004[] LISP65_STDLIB_BOOTDATA = "%ide-render-code-suffix-at";
static const char lisp65_bc_boot_str_005[] LISP65_STDLIB_BOOTDATA = "ide-make-buffer";
static const char lisp65_bc_boot_str_006[] LISP65_STDLIB_BOOTDATA = "ide-buffer-name";
static const char lisp65_bc_boot_str_007[] LISP65_STDLIB_BOOTDATA = "ide-buffer-file-name";
static const char lisp65_bc_boot_str_008[] LISP65_STDLIB_BOOTDATA = "ide-buffer-lines";
static const char lisp65_bc_boot_str_009[] LISP65_STDLIB_BOOTDATA = "ide-buffer-point";
static const char lisp65_bc_boot_str_010[] LISP65_STDLIB_BOOTDATA = "ide-buffer-locals";
static const char lisp65_bc_boot_str_011[] LISP65_STDLIB_BOOTDATA = "ide-point-line";
static const char lisp65_bc_boot_str_012[] LISP65_STDLIB_BOOTDATA = "ide-point-column";
static const char lisp65_bc_boot_str_013[] LISP65_STDLIB_BOOTDATA = "%ide-buffer-with-lines-point";
static const char lisp65_bc_boot_str_014[] LISP65_STDLIB_BOOTDATA = "ide-set-point";
static const char lisp65_bc_boot_str_015[] LISP65_STDLIB_BOOTDATA = "ide-line-count";
static const char lisp65_bc_boot_str_016[] LISP65_STDLIB_BOOTDATA = "%ide-line-at";
static const char lisp65_bc_boot_str_017[] LISP65_STDLIB_BOOTDATA = "ide-line-at";
static const char lisp65_bc_boot_str_018[] LISP65_STDLIB_BOOTDATA = "ide-current-line";
static const char lisp65_bc_boot_str_019[] LISP65_STDLIB_BOOTDATA = "%ide-lines-split-at";
static const char lisp65_bc_boot_str_020[] LISP65_STDLIB_BOOTDATA = "%ide-rev-onto";
static const char lisp65_bc_boot_str_021[] LISP65_STDLIB_BOOTDATA = "%ide-lines-replace";
static const char lisp65_bc_boot_str_022[] LISP65_STDLIB_BOOTDATA = "%ide-lines-delete";
static const char lisp65_bc_boot_str_023[] LISP65_STDLIB_BOOTDATA = "%ide-drop-lines";
static const char lisp65_bc_boot_str_024[] LISP65_STDLIB_BOOTDATA = "%ide-take-into";
static const char lisp65_bc_boot_str_025[] LISP65_STDLIB_BOOTDATA = "ide-region-lines-from";
static const char lisp65_bc_boot_str_026[] LISP65_STDLIB_BOOTDATA = "%ide-char-take-into";
static const char lisp65_bc_boot_str_027[] LISP65_STDLIB_BOOTDATA = "%ide-char-drop";
static const char lisp65_bc_boot_str_028[] LISP65_STDLIB_BOOTDATA = "%ide-empty-str";
static const char lisp65_bc_boot_str_029[] LISP65_STDLIB_BOOTDATA = "ide-string-prefix";
static const char lisp65_bc_boot_str_030[] LISP65_STDLIB_BOOTDATA = "ide-string-suffix";
static const char lisp65_bc_boot_str_031[] LISP65_STDLIB_BOOTDATA = "ide-string-insert-code";
static const char lisp65_bc_boot_str_032[] LISP65_STDLIB_BOOTDATA = "ide-string-delete-before";
static const char lisp65_bc_boot_str_033[] LISP65_STDLIB_BOOTDATA = "ide-string-append";
static const char lisp65_bc_boot_str_034[] LISP65_STDLIB_BOOTDATA = "%ide-last-line";
static const char lisp65_bc_boot_str_035[] LISP65_STDLIB_BOOTDATA = "%ide-lines-replace-range";
static const char lisp65_bc_boot_str_036[] LISP65_STDLIB_BOOTDATA = "%ide-yank-parts-tail";
static const char lisp65_bc_boot_str_037[] LISP65_STDLIB_BOOTDATA = "%ide-yank-parts-lines";
static const char lisp65_bc_boot_str_038[] LISP65_STDLIB_BOOTDATA = "ide-insert-char";
static const char lisp65_bc_boot_str_039[] LISP65_STDLIB_BOOTDATA = "ide-split-line";
static const char lisp65_bc_boot_str_040[] LISP65_STDLIB_BOOTDATA = "ide-delete-backward-char";
static const char lisp65_bc_boot_str_041[] LISP65_STDLIB_BOOTDATA = "ide-delete-forward-char";
static const char lisp65_bc_boot_str_042[] LISP65_STDLIB_BOOTDATA = "ide-kill-line";
static const char lisp65_bc_boot_str_043[] LISP65_STDLIB_BOOTDATA = "%ide-yank-string";
static const char lisp65_bc_boot_str_044[] LISP65_STDLIB_BOOTDATA = "ide-yank";
static const char lisp65_bc_boot_str_045[] LISP65_STDLIB_BOOTDATA = "ide-move-left";
static const char lisp65_bc_boot_str_046[] LISP65_STDLIB_BOOTDATA = "ide-move-right";
static const char lisp65_bc_boot_str_047[] LISP65_STDLIB_BOOTDATA = "ide-move-up";
static const char lisp65_bc_boot_str_048[] LISP65_STDLIB_BOOTDATA = "ide-move-down";
static const char lisp65_bc_boot_str_049[] LISP65_STDLIB_BOOTDATA = "ide-printable-code-p";
static const char lisp65_bc_boot_str_050[] LISP65_STDLIB_BOOTDATA = "%ide-keymap-lookup";
static const char lisp65_bc_boot_str_051[] LISP65_STDLIB_BOOTDATA = "%ide-prefix-command";
static const char lisp65_bc_boot_str_052[] LISP65_STDLIB_BOOTDATA = "%ide-base-command";
static const char lisp65_bc_boot_str_053[] LISP65_STDLIB_BOOTDATA = "%ide-command-route";
static const char lisp65_bc_boot_str_054[] LISP65_STDLIB_BOOTDATA = "%ide-direct-p";
static const char lisp65_bc_boot_str_055[] LISP65_STDLIB_BOOTDATA = "ide-event-modifiers";
static const char lisp65_bc_boot_str_056[] LISP65_STDLIB_BOOTDATA = "%ide-modifier-command";
static const char lisp65_bc_boot_str_057[] LISP65_STDLIB_BOOTDATA = "ide-event-command";
static const char lisp65_bc_boot_str_058[] LISP65_STDLIB_BOOTDATA = "ide-make-state";
static const char lisp65_bc_boot_str_059[] LISP65_STDLIB_BOOTDATA = "ide-state-buffer";
static const char lisp65_bc_boot_str_060[] LISP65_STDLIB_BOOTDATA = "ide-state-message";
static const char lisp65_bc_boot_str_061[] LISP65_STDLIB_BOOTDATA = "ide-state-row-offset";
static const char lisp65_bc_boot_str_062[] LISP65_STDLIB_BOOTDATA = "%ide-x";
static const char lisp65_bc_boot_str_063[] LISP65_STDLIB_BOOTDATA = "%ide-state-with-message";
static const char lisp65_bc_boot_str_064[] LISP65_STDLIB_BOOTDATA = "%ide-mini-set";
static const char lisp65_bc_boot_str_065[] LISP65_STDLIB_BOOTDATA = "%ide-mini-start";
static const char lisp65_bc_boot_str_066[] LISP65_STDLIB_BOOTDATA = "%ide-mini-tab-value";
static const char lisp65_bc_boot_str_067[] LISP65_STDLIB_BOOTDATA = "%ide-mini-input-value";
static const char lisp65_bc_boot_str_068[] LISP65_STDLIB_BOOTDATA = "%ide-mini-step";
static const char lisp65_bc_boot_str_069[] LISP65_STDLIB_BOOTDATA = "%ide-scrolled";
static const char lisp65_bc_boot_str_070[] LISP65_STDLIB_BOOTDATA = "ide-state-render-lines";
static const char lisp65_bc_boot_str_071[] LISP65_STDLIB_BOOTDATA = "ide-state-render-cursor-row";
static const char lisp65_bc_boot_str_072[] LISP65_STDLIB_BOOTDATA = "ide-state-render-columns";
static const char lisp65_bc_boot_str_073[] LISP65_STDLIB_BOOTDATA = "ide-state-render-rows";
static const char lisp65_bc_boot_str_074[] LISP65_STDLIB_BOOTDATA = "%ide-state-with-buffer";
static const char lisp65_bc_boot_str_075[] LISP65_STDLIB_BOOTDATA = "%ide-state-with-render-cache";
static const char lisp65_bc_boot_str_076[] LISP65_STDLIB_BOOTDATA = "ide-state-render-lines-for-size";
static const char lisp65_bc_boot_str_077[] LISP65_STDLIB_BOOTDATA = "ide-event-code";
static const char lisp65_bc_boot_str_078[] LISP65_STDLIB_BOOTDATA = "%ide-hint-merge";
static const char lisp65_bc_boot_str_079[] LISP65_STDLIB_BOOTDATA = "%ide-self-insert";
static const char lisp65_bc_boot_str_080[] LISP65_STDLIB_BOOTDATA = "%ide-newline-command";
static const char lisp65_bc_boot_str_081[] LISP65_STDLIB_BOOTDATA = "%ide-delete-forward-command";
static const char lisp65_bc_boot_str_082[] LISP65_STDLIB_BOOTDATA = "%ide-line-edge-command";
static const char lisp65_bc_boot_str_083[] LISP65_STDLIB_BOOTDATA = "ide-apply-command";
static const char lisp65_bc_boot_str_084[] LISP65_STDLIB_BOOTDATA = "%ide-switch-key";
static const char lisp65_bc_boot_str_085[] LISP65_STDLIB_BOOTDATA = "%ide-last-buffer";
static const char lisp65_bc_boot_str_086[] LISP65_STDLIB_BOOTDATA = "%ide-cycle-buffer-find";
static const char lisp65_bc_boot_str_087[] LISP65_STDLIB_BOOTDATA = "%ide-cycle-buffer";
static const char lisp65_bc_boot_str_088[] LISP65_STDLIB_BOOTDATA = "%ide-compile-key";
static const char lisp65_bc_boot_str_089[] LISP65_STDLIB_BOOTDATA = "%ide-motion-key";
static const char lisp65_bc_boot_str_090[] LISP65_STDLIB_BOOTDATA = "%ide-directory-key";
static const char lisp65_bc_boot_str_091[] LISP65_STDLIB_BOOTDATA = "%ide-dispatch-route-low";
static const char lisp65_bc_boot_str_092[] LISP65_STDLIB_BOOTDATA = "%ide-dispatch-route-mid";
static const char lisp65_bc_boot_str_093[] LISP65_STDLIB_BOOTDATA = "%ide-dispatch-route-high";
static const char lisp65_bc_boot_str_094[] LISP65_STDLIB_BOOTDATA = "%ide-dispatch-command";
static const char lisp65_bc_boot_str_095[] LISP65_STDLIB_BOOTDATA = "ide-step";
static const char lisp65_bc_boot_str_096[] LISP65_STDLIB_BOOTDATA = "ide-buffer-display-name";
static const char lisp65_bc_boot_str_097[] LISP65_STDLIB_BOOTDATA = "ide-status-line";
static const char lisp65_bc_boot_str_098[] LISP65_STDLIB_BOOTDATA = "%ide-blank-lines-into";
static const char lisp65_bc_boot_str_099[] LISP65_STDLIB_BOOTDATA = "ide-blank-lines";
static const char lisp65_bc_boot_str_100[] LISP65_STDLIB_BOOTDATA = "ide-visible-line";
static const char lisp65_bc_boot_str_101[] LISP65_STDLIB_BOOTDATA = "%ide-visible-lines-into";
static const char lisp65_bc_boot_str_102[] LISP65_STDLIB_BOOTDATA = "ide-visible-frame-lines-from";
static const char lisp65_bc_boot_str_103[] LISP65_STDLIB_BOOTDATA = "%ide-render-visible-body-into";
static const char lisp65_bc_boot_str_104[] LISP65_STDLIB_BOOTDATA = "%ide-render-blank-body-into";
static const char lisp65_bc_boot_str_105[] LISP65_STDLIB_BOOTDATA = "%ide-last-cell";
static const char lisp65_bc_boot_str_106[] LISP65_STDLIB_BOOTDATA = "%ide-render-frame-lines-from";
static const char lisp65_bc_boot_str_107[] LISP65_STDLIB_BOOTDATA = "ide-cursor-row";
static const char lisp65_bc_boot_str_108[] LISP65_STDLIB_BOOTDATA = "%ide-dirty-line-indices-from";
static const char lisp65_bc_boot_str_109[] LISP65_STDLIB_BOOTDATA = "ide-dirty-line-indices";
static const char lisp65_bc_boot_str_110[] LISP65_STDLIB_BOOTDATA = "%ide-render-codes-at";
static const char lisp65_bc_boot_str_111[] LISP65_STDLIB_BOOTDATA = "%ide-render-string-codes-at";
static const char lisp65_bc_boot_str_112[] LISP65_STDLIB_BOOTDATA = "%ide-render-string-part-at";
static const char lisp65_bc_boot_str_113[] LISP65_STDLIB_BOOTDATA = "%ide-pad-eol";
static const char lisp65_bc_boot_str_114[] LISP65_STDLIB_BOOTDATA = "ide-render-line-at";
static const char lisp65_bc_boot_str_115[] LISP65_STDLIB_BOOTDATA = "%ide-render-dirty-lines-at";
static const char lisp65_bc_boot_str_116[] LISP65_STDLIB_BOOTDATA = "%ide-nth-cell";
static const char lisp65_bc_boot_str_117[] LISP65_STDLIB_BOOTDATA = "%ide-status-current-p";
static const char lisp65_bc_boot_str_118[] LISP65_STDLIB_BOOTDATA = "%ide-status-cached";
static const char lisp65_bc_boot_str_119[] LISP65_STDLIB_BOOTDATA = "%ide-render-status-part";
static const char lisp65_bc_boot_str_120[] LISP65_STDLIB_BOOTDATA = "%ide-render-status-prefix";
static const char lisp65_bc_boot_str_121[] LISP65_STDLIB_BOOTDATA = "%ide-render-status-finish";
static const char lisp65_bc_boot_str_122[] LISP65_STDLIB_BOOTDATA = "%ide-render-status-line-direct";
static const char lisp65_bc_boot_str_123[] LISP65_STDLIB_BOOTDATA = "%ide-render-status-msg-direct";
static const char lisp65_bc_boot_str_124[] LISP65_STDLIB_BOOTDATA = "%ide-render-status-mini-direct";
static const char lisp65_bc_boot_str_125[] LISP65_STDLIB_BOOTDATA = "%ide-render-status-direct";
static const char lisp65_bc_boot_str_126[] LISP65_STDLIB_BOOTDATA = "%ide-render-status-cached";
static const char lisp65_bc_boot_str_127[] LISP65_STDLIB_BOOTDATA = "%ide-render-fast-same-row";
static const char lisp65_bc_boot_str_128[] LISP65_STDLIB_BOOTDATA = "%ide-render-reverse-codes-at";
static const char lisp65_bc_boot_str_129[] LISP65_STDLIB_BOOTDATA = "%ide-render-cached-line-at";
static const char lisp65_bc_boot_str_130[] LISP65_STDLIB_BOOTDATA = "%ide-render-cached-suffix-at";
static const char lisp65_bc_boot_str_131[] LISP65_STDLIB_BOOTDATA = "%ide-cached-code-at";
static const char lisp65_bc_boot_str_132[] LISP65_STDLIB_BOOTDATA = "%ide-render-fast-cached-row";
static const char lisp65_bc_boot_str_133[] LISP65_STDLIB_BOOTDATA = "%ide-render-cached-next-row";
static const char lisp65_bc_boot_str_134[] LISP65_STDLIB_BOOTDATA = "ide-render-cursor-from";
static const char lisp65_bc_boot_str_135[] LISP65_STDLIB_BOOTDATA = "%ide-render-materialized-fast";
static const char lisp65_bc_boot_str_136[] LISP65_STDLIB_BOOTDATA = "%ide-render-fast-dispatch";
static const char lisp65_bc_boot_str_137[] LISP65_STDLIB_BOOTDATA = "%ide-render-changed-lines-at";
static const char lisp65_bc_boot_str_138[] LISP65_STDLIB_BOOTDATA = "%ide-render-materialized-full";
static const char lisp65_bc_boot_str_139[] LISP65_STDLIB_BOOTDATA = "ide-render";
static const char lisp65_bc_boot_str_140[] LISP65_STDLIB_BOOTDATA = "%ide-drain-pending";
static const char lisp65_bc_boot_str_141[] LISP65_STDLIB_BOOTDATA = "ide-run";
static const char lisp65_bc_boot_str_142[] LISP65_STDLIB_BOOTDATA = "%ide-buffers-find";
static const char lisp65_bc_boot_str_143[] LISP65_STDLIB_BOOTDATA = "%ide-buffers-remove-into";
static const char lisp65_bc_boot_str_144[] LISP65_STDLIB_BOOTDATA = "%ide-store-buffer";
static const char lisp65_bc_boot_str_145[] LISP65_STDLIB_BOOTDATA = "%ide-resume-buffer";
static const char lisp65_bc_boot_str_146[] LISP65_STDLIB_BOOTDATA = "%ide-buffers-names-into";
static const char lisp65_bc_boot_str_147[] LISP65_STDLIB_BOOTDATA = "ide-buffers";
static const char lisp65_bc_boot_str_148[] LISP65_STDLIB_BOOTDATA = "ide";
static const char lisp65_bc_boot_str_149[] LISP65_STDLIB_BOOTDATA = "%ide-join-codes-into";
static const char lisp65_bc_boot_str_150[] LISP65_STDLIB_BOOTDATA = "%ide-disk-scan-entries";
static const char lisp65_bc_boot_str_151[] LISP65_STDLIB_BOOTDATA = "%ide-disk-find";
static const char lisp65_bc_boot_str_152[] LISP65_STDLIB_BOOTDATA = "%ide-disk-effective-sector";
static const char lisp65_bc_boot_str_153[] LISP65_STDLIB_BOOTDATA = "%ide-disk-link-valid-p";
static const char lisp65_bc_boot_str_154[] LISP65_STDLIB_BOOTDATA = "%ide-disk-effective-count";
static const char lisp65_bc_boot_str_155[] LISP65_STDLIB_BOOTDATA = "%ide-disk-sector-into";
static const char lisp65_bc_boot_str_156[] LISP65_STDLIB_BOOTDATA = "%ide-disk-read-chain";
static const char lisp65_bc_boot_str_157[] LISP65_STDLIB_BOOTDATA = "%ide-disk-trim-rev";
static const char lisp65_bc_boot_str_158[] LISP65_STDLIB_BOOTDATA = "%ide-disk-read-lines";
static const char lisp65_bc_boot_str_159[] LISP65_STDLIB_BOOTDATA = "%ide-cow-save";
static const char lisp65_bc_boot_str_160[] LISP65_STDLIB_BOOTDATA = "%ide-dir-entry-name-codes";
static const char lisp65_bc_boot_str_161[] LISP65_STDLIB_BOOTDATA = "%ide-dir-scan-entries";
static const char lisp65_bc_boot_str_162[] LISP65_STDLIB_BOOTDATA = "%ide-dir-scan-directory";
static const char lisp65_bc_boot_str_163[] LISP65_STDLIB_BOOTDATA = "dir";
static const char lisp65_bc_boot_str_164[] LISP65_STDLIB_BOOTDATA = "ide-error";
static const char lisp65_bc_boot_str_165[] LISP65_STDLIB_BOOTDATA = "%ide-compile-error-message";
static const char lisp65_bc_boot_str_166[] LISP65_STDLIB_BOOTDATA = "%ide-source-file-p";
static const char lisp65_bc_boot_str_167[] LISP65_STDLIB_BOOTDATA = "%ide-fasl-slot-p";
static const char lisp65_bc_boot_str_168[] LISP65_STDLIB_BOOTDATA = "load-file-to-buffer";
static const char lisp65_bc_boot_str_169[] LISP65_STDLIB_BOOTDATA = "save-buffer-to";
static const char lisp65_bc_boot_str_170[] LISP65_STDLIB_BOOTDATA = "compile-buffer-to-lib";
static const char lisp65_bc_boot_str_171[] LISP65_STDLIB_BOOTDATA = "compile-file-to-lib";
static const char lisp65_bc_boot_str_172[] LISP65_STDLIB_BOOTDATA = "eval-buffer";
static const char lisp65_bc_boot_str_173[] LISP65_STDLIB_BOOTDATA = "%ide-disk-clean-buffer";
static const char lisp65_bc_boot_str_174[] LISP65_STDLIB_BOOTDATA = "%ide-save-key";
static const char lisp65_bc_boot_str_175[] LISP65_STDLIB_BOOTDATA = "%ide-find-file-named";
static const char lisp65_bc_boot_str_176[] LISP65_STDLIB_BOOTDATA = "%ide-decimal-value-from";
static const char lisp65_bc_boot_str_177[] LISP65_STDLIB_BOOTDATA = "%ide-mini-motion-submit";
static const char lisp65_bc_boot_str_178[] LISP65_STDLIB_BOOTDATA = "%ide-find-key";
static const char lisp65_bc_boot_str_179[] LISP65_STDLIB_BOOTDATA = "%ide-write-key";
static const char lisp65_bc_boot_str_180[] LISP65_STDLIB_BOOTDATA = "%ide-mini-file-submit";
static const char lisp65_bc_boot_str_181[] LISP65_STDLIB_BOOTDATA = "%ide-mini-submit";

#ifndef LISP65_STDLIB_EXTERNAL_BLOB
const uint8_t lisp65_stdlib_blob[] LISP65_STDLIB_BOOTDATA = {
    0xb5, 0x03, 0x01, 0x02, 0x5c, 0x00, 0x01, 0x86, 0x02, 0x0b, 0x1d, 0x57,
    0x0b, 0x34, 0x3a, 0x03, 0x0c, 0x01, 0x02, 0x1e, 0x1d, 0x13, 0x0b, 0x35,
    0x39, 0x03, 0x01, 0x22, 0x1e, 0x1d, 0x04, 0x01, 0x00, 0x1c, 0x02, 0x01,
    0x02, 0x0d, 0x3e, 0x00, 0x03, 0x39, 0x03, 0x01, 0x3b, 0x1e, 0x1d, 0x02,
    0x0d, 0x05, 0x39, 0x03, 0x01, 0x22, 0x1e, 0x1d, 0x08, 0x0b, 0x35, 0x01,
    0x02, 0x0d, 0x3e, 0x00, 0x03, 0x0b, 0x35, 0x01, 0x00, 0x39, 0x03, 0x01,
    0x28, 0x1e, 0x1d, 0x06, 0x0d, 0x01, 0x01, 0x02, 0x1c, 0x0e, 0x39, 0x03,
    0x01, 0x29, 0x1e, 0x1d, 0x06, 0x0d, 0x01, 0x01, 0x0e, 0x1c, 0x01, 0x0d,
    0x3e, 0x00, 0x03, 0x0d, 0x05, 0xb5, 0x03, 0x00, 0x02, 0x2b, 0x00, 0x02,
    0x86, 0x02, 0x88, 0x02, 0x0b, 0x1d, 0x06, 0x0c, 0x01, 0x00, 0x13, 0x1c,
    0x01, 0x2b, 0x1d, 0x14, 0x0b, 0x35, 0x0c, 0x01, 0x01, 0x0e, 0x0b, 0x34,
    0x3d, 0x1c, 0x01, 0x01, 0x00, 0x0d, 0x3c, 0x00, 0x03, 0x3e, 0x01, 0x03,
    0x0d, 0x01, 0x00, 0x13, 0x1d, 0x02, 0x0d, 0x05, 0x01, 0x00, 0x05, 0xb5,
    0x02, 0x00, 0x02, 0x15, 0x00, 0x02, 0xd2, 0x02, 0x8a, 0x02, 0x0c, 0x01,
    0x00, 0x13, 0x1d, 0x0d, 0x0b, 0x01, 0x20, 0x3c, 0x00, 0x02, 0x0c, 0x01,
    0x01, 0x0e, 0x3e, 0x01, 0x02, 0x0b, 0x05, 0xb5, 0x01, 0x02, 0x02, 0x2f,
    0x00, 0x06, 0xd4, 0x02, 0x96, 0x02, 0x98, 0x02, 0x9c, 0x02, 0x88, 0x02,
    0x8a, 0x02, 0x0b, 0x3c, 0x00, 0x01, 0x3a, 0x01, 0x39, 0x01, 0x3c, 0x01,
    0x01, 0x39, 0x01, 0x3c, 0x02, 0x01, 0x3c, 0x03, 0x01, 0x01, 0x00, 0x3c,
    0x04, 0x03, 0x3a, 0x02, 0x39, 0x01, 0x01, 0x02, 0x39, 0x02, 0x01, 0x0a,
    0x13, 0x1d, 0x04, 0x01, 0x0a, 0x1c, 0x02, 0x39, 0x02, 0x0f, 0x3e, 0x05,
    0x02, 0xb5, 0x04, 0x01, 0x02, 0x21, 0x00, 0x02, 0x64, 0x03, 0x68, 0x03,
    0x0b, 0x3d, 0x03, 0x01, 0x3a, 0x04, 0x0b, 0x0d, 0x0c, 0x01, 0x01, 0x39,
    0x04, 0x3c, 0x00, 0x05, 0x3b, 0x39, 0x04, 0x39, 0x04, 0x38, 0x03, 0x01,
    0x01, 0x02, 0x02, 0x0c, 0x01, 0x01, 0x3e, 0x01, 0x04, 0xb5, 0x02, 0x00,
    0x02, 0x11, 0x00, 0x02, 0xa3, 0x08, 0x08, 0x00, 0x0b, 0x2b, 0x0c, 0x01,
    0x00, 0x01, 0x00, 0x33, 0x2b, 0x2b, 0x06, 0x00, 0x2b, 0x2b, 0x3e, 0x01,
    0x09, 0xb5, 0x01, 0x00, 0x02, 0x03, 0x00, 0x00, 0x0b, 0x34, 0x05, 0xb5,
    0x01, 0x00, 0x02, 0x04, 0x00, 0x00, 0x0b, 0x35, 0x34, 0x05, 0xb5, 0x01,
    0x02, 0x02, 0x25, 0x00, 0x03, 0x9a, 0x02, 0x9a, 0x00, 0xb0, 0x02, 0x0b,
    0x35, 0x35, 0x34, 0x3a, 0x01, 0x0b, 0x3c, 0x00, 0x01, 0x3a, 0x02, 0x39,
    0x02, 0x1d, 0x12, 0x39, 0x01, 0x39, 0x02, 0x34, 0x39, 0x02, 0x35, 0x34,
    0x3c, 0x01, 0x01, 0x3d, 0x1d, 0x01, 0x3e, 0x02, 0x03, 0x39, 0x01, 0x05,
    0xb5, 0x01, 0x00, 0x02, 0x06, 0x00, 0x00, 0x0b, 0x35, 0x35, 0x35, 0x34,
    0x05, 0xb5, 0x01, 0x00, 0x02, 0x0a, 0x00, 0x00, 0x0b, 0x35, 0x35, 0x35,
    0x35, 0x35, 0x35, 0x35, 0x34, 0x05, 0xb5, 0x01, 0x00, 0x02, 0x03, 0x00,
    0x00, 0x0b, 0x34, 0x05, 0xb5, 0x01, 0x00, 0x02, 0x03, 0x00, 0x00, 0x0b,
    0x35, 0x05, 0xb5, 0x03, 0x09, 0x03, 0x45, 0x00, 0x01, 0x08, 0x00, 0x0b,
    0x35, 0x3a, 0x04, 0x39, 0x04, 0x35, 0x3a, 0x05, 0x39, 0x05, 0x35, 0x3a,
    0x06, 0x39, 0x06, 0x35, 0x3a, 0x07, 0x39, 0x07, 0x35, 0x3a, 0x08, 0x39,
    0x08, 0x35, 0x3a, 0x09, 0x39, 0x09, 0x35, 0x3a, 0x0a, 0x39, 0x0a, 0x35,
    0x3a, 0x0b, 0x0b, 0x34, 0x39, 0x04, 0x34, 0x0c, 0x0d, 0x39, 0x07, 0x34,
    0x2c, 0x39, 0x09, 0x34, 0x39, 0x03, 0x1d, 0x05, 0x39, 0x03, 0x34, 0x1c,
    0x01, 0x2b, 0x39, 0x0b, 0x34, 0x3e, 0x00, 0x09, 0xb5, 0x03, 0x0a, 0x02,
    0x4d, 0x00, 0x01, 0x08, 0x00, 0x0b, 0x3a, 0x03, 0x0c, 0x0d, 0x33, 0x3a,
    0x04, 0x39, 0x03, 0x35, 0x3a, 0x05, 0x39, 0x05, 0x35, 0x3a, 0x06, 0x39,
    0x06, 0x35, 0x3a, 0x07, 0x39, 0x07, 0x35, 0x3a, 0x08, 0x39, 0x08, 0x35,
    0x3a, 0x09, 0x39, 0x09, 0x35, 0x3a, 0x0a, 0x39, 0x0a, 0x35, 0x3a, 0x0b,
    0x39, 0x0b, 0x35, 0x3a, 0x0c, 0x39, 0x03, 0x34, 0x39, 0x05, 0x34, 0x39,
    0x06, 0x34, 0x39, 0x04, 0x39, 0x08, 0x34, 0x39, 0x09, 0x34, 0x39, 0x0a,
    0x34, 0x39, 0x0b, 0x34, 0x39, 0x0c, 0x34, 0x3e, 0x00, 0x09, 0xb5, 0x01,
    0x00, 0x02, 0x07, 0x00, 0x02, 0x96, 0x02, 0x90, 0x00, 0x0b, 0x3c, 0x00,
    0x01, 0x3e, 0x01, 0x01, 0xb5, 0x02, 0x00, 0x02, 0x18, 0x00, 0x02, 0xa6,
    0x02, 0xfc, 0x05, 0x0b, 0x1d, 0x12, 0x0c, 0x01, 0x00, 0x1e, 0x1d, 0x03,
    0x0b, 0x34, 0x05, 0x0b, 0x35, 0x0c, 0x01, 0x01, 0x0e, 0x3e, 0x00, 0x02,
    0x06, 0x01, 0x05, 0xb5, 0x02, 0x00, 0x02, 0x08, 0x00, 0x02, 0x96, 0x02,
    0xa6, 0x02, 0x0b, 0x3c, 0x00, 0x01, 0x0c, 0x3e, 0x01, 0x02, 0xb5, 0x01,
    0x00, 0x02, 0x0b, 0x00, 0x03, 0x98, 0x02, 0x9c, 0x02, 0xa8, 0x02, 0x0b,
    0x0b, 0x3c, 0x00, 0x01, 0x3c, 0x01, 0x01, 0x3e, 0x02, 0x02, 0xb5, 0x03,
    0x00, 0x02, 0x1d, 0x00, 0x01, 0xac, 0x02, 0x0c, 0x01, 0x00, 0x13, 0x1d,
    0x03, 0x0b, 0x1c, 0x01, 0x2b, 0x1d, 0x0d, 0x0b, 0x35, 0x0c, 0x01, 0x01,
    0x0e, 0x0b, 0x34, 0x0d, 0x33, 0x3e, 0x00, 0x03, 0x0d, 0x0b, 0x33, 0x05,
    0xb5, 0x02, 0x00, 0x02, 0x0e, 0x00, 0x01, 0xae, 0x02, 0x0b, 0x1d, 0x09,
    0x0b, 0x35, 0x0b, 0x34, 0x0c, 0x33, 0x3e, 0x00, 0x02, 0x0c, 0x05, 0xb5,
    0x03, 0x01, 0x02, 0x14, 0x00, 0x02, 0xac, 0x02, 0xae, 0x02, 0x0b, 0x0c,
    0x2b, 0x3c, 0x00, 0x03, 0x3a, 0x03, 0x39, 0x03, 0x34, 0x0d, 0x39, 0x03,
    0x35, 0x35, 0x33, 0x3e, 0x01, 0x02, 0xb5, 0x02, 0x01, 0x02, 0x12, 0x00,
    0x02, 0xac, 0x02, 0xae, 0x02, 0x0b, 0x0c, 0x2b, 0x3c, 0x00, 0x03, 0x3a,
    0x02, 0x39, 0x02, 0x34, 0x39, 0x02, 0x35, 0x35, 0x3e, 0x01, 0x02, 0xb5,
    0x02, 0x00, 0x02, 0x16, 0x00, 0x01, 0xb4, 0x02, 0x0c, 0x01, 0x00, 0x13,
    0x1d, 0x0e, 0x0b, 0x1d, 0x09, 0x0b, 0x35, 0x0c, 0x01, 0x01, 0x0e, 0x3e,
    0x00, 0x02, 0x2b, 0x05, 0x0b, 0x05, 0xb5, 0x03, 0x00, 0x02, 0x1b, 0x00,
    0x01, 0xb6, 0x02, 0x0c, 0x01, 0x00, 0x13, 0x1d, 0x03, 0x0b, 0x1c, 0x01,
    0x2b, 0x1d, 0x0d, 0x0b, 0x35, 0x0c, 0x01, 0x01, 0x0e, 0x0b, 0x34, 0x0d,
    0x33, 0x3e, 0x00, 0x03, 0x0d, 0x05, 0xb5, 0x03, 0x02, 0x02, 0x18, 0x00,
    0x03, 0xb4, 0x02, 0xb6, 0x02, 0xae, 0x02, 0x0b, 0x0c, 0x3c, 0x00, 0x02,
    0x3a, 0x03, 0x0d, 0x0c, 0x0e, 0x3a, 0x04, 0x39, 0x03, 0x39, 0x04, 0x2b,
    0x3c, 0x01, 0x03, 0x2b, 0x3e, 0x02, 0x02, 0xb5, 0x03, 0x00, 0x02, 0x1e,
    0x00, 0x02, 0xba, 0x02, 0x9a, 0x00, 0x0c, 0x01, 0x00, 0x13, 0x1d, 0x14,
    0x0b, 0x1d, 0x0d, 0x0b, 0x35, 0x0c, 0x01, 0x01, 0x0e, 0x0b, 0x34, 0x0d,
    0x33, 0x3e, 0x00, 0x03, 0x0d, 0x3e, 0x01, 0x01, 0x0d, 0x3e, 0x01, 0x01,
    0xb5, 0x02, 0x00, 0x02, 0x16, 0x00, 0x01, 0xbc, 0x02, 0x0c, 0x01, 0x00,
    0x13, 0x1d, 0x0e, 0x0b, 0x1d, 0x09, 0x0b, 0x35, 0x0c, 0x01, 0x01, 0x0e,
    0x3e, 0x00, 0x02, 0x2b, 0x05, 0x0b, 0x05, 0xb5, 0x00, 0x00, 0x02, 0x03,
    0x00, 0x01, 0xfe, 0x05, 0x06, 0x00, 0x05, 0xb5, 0x02, 0x02, 0x02, 0x1e,
    0x00, 0x02, 0xbe, 0x02, 0xba, 0x02, 0x0c, 0x01, 0x01, 0x12, 0x1d, 0x03,
    0x3e, 0x00, 0x00, 0x0b, 0x3d, 0x1c, 0x01, 0x3a, 0x02, 0x0c, 0x3a, 0x03,
    0x39, 0x02, 0x39, 0x03, 0x2b, 0x3c, 0x01, 0x03, 0x3d, 0x1d, 0x01, 0x05,
    0xb5, 0x02, 0x00, 0x02, 0x1a, 0x00, 0x02, 0xbe, 0x02, 0xbc, 0x02, 0x0b,
    0x3d, 0x03, 0x01, 0x0c, 0x01, 0x01, 0x02, 0x12, 0x1d, 0x03, 0x3e, 0x00,
    0x00, 0x0b, 0x3d, 0x1c, 0x01, 0x0c, 0x3c, 0x01, 0x02, 0x3d, 0x1d, 0x01,
    0x05, 0xb5, 0x03, 0x03, 0x02, 0x24, 0x00, 0x03, 0xba, 0x02, 0xbc, 0x02,
    0x8c, 0x00, 0x0b, 0x3d, 0x1c, 0x01, 0x3a, 0x03, 0x39, 0x03, 0x3a, 0x04,
    0x0c, 0x3a, 0x05, 0x39, 0x04, 0x39, 0x05, 0x2b, 0x3c, 0x00, 0x03, 0x0d,
    0x39, 0x03, 0x0c, 0x3c, 0x01, 0x02, 0x33, 0x3c, 0x02, 0x02, 0x3d, 0x1d,
    0x01, 0x05, 0xb5, 0x02, 0x03, 0x02, 0x2d, 0x00, 0x03, 0xba, 0x02, 0xbc,
    0x02, 0x8c, 0x00, 0x0c, 0x01, 0x00, 0x13, 0x1d, 0x25, 0x0b, 0x3d, 0x1c,
    0x01, 0x3a, 0x02, 0x39, 0x02, 0x3a, 0x03, 0x0c, 0x01, 0x01, 0x0e, 0x3a,
    0x04, 0x39, 0x03, 0x39, 0x04, 0x2b, 0x3c, 0x00, 0x03, 0x39, 0x02, 0x0c,
    0x3c, 0x01, 0x02, 0x3c, 0x02, 0x02, 0x3d, 0x1d, 0x01, 0x05, 0x0b, 0x05,
    0xb5, 0x02, 0x00, 0x02, 0x0f, 0x00, 0x01, 0x8c, 0x00, 0x0b, 0x3d, 0x1c,
    0x01, 0x0c, 0x3d, 0x1c, 0x01, 0x3c, 0x00, 0x02, 0x3d, 0x1d, 0x01, 0x05,
    0xb5, 0x01, 0x00, 0x02, 0x0c, 0x00, 0x01, 0xca, 0x02, 0x0b, 0x35, 0x1d,
    0x05, 0x0b, 0x35, 0x3e, 0x00, 0x01, 0x0b, 0x34, 0x05, 0xb5, 0x04, 0x01,
    0x02, 0x1f, 0x00, 0x04, 0xac, 0x02, 0xb4, 0x02, 0x8c, 0x00, 0xae, 0x02,
    0x0b, 0x0c, 0x2b, 0x3c, 0x00, 0x03, 0x3a, 0x04, 0x39, 0x04, 0x34, 0x38,
    0x03, 0x39, 0x04, 0x35, 0x0d, 0x0c, 0x0e, 0x01, 0x01, 0x02, 0x3c, 0x01,
    0x02, 0x3c, 0x02, 0x02, 0x3e, 0x03, 0x02, 0xb5, 0x02, 0x00, 0x02, 0x17,
    0x00, 0x03, 0xce, 0x02, 0xc8, 0x02, 0x08, 0x00, 0x0b, 0x35, 0x1d, 0x0a,
    0x0b, 0x34, 0x0b, 0x35, 0x0c, 0x3c, 0x00, 0x02, 0x33, 0x05, 0x0b, 0x34,
    0x0c, 0x3c, 0x01, 0x02, 0x3e, 0x02, 0x01, 0xb5, 0x03, 0x00, 0x02, 0x1f,
    0x00, 0x03, 0xc8, 0x02, 0xce, 0x02, 0x08, 0x00, 0x0d, 0x35, 0x1d, 0x0e,
    0x0b, 0x0d, 0x34, 0x3c, 0x00, 0x02, 0x0d, 0x35, 0x0c, 0x3c, 0x01, 0x02,
    0x33, 0x05, 0x0b, 0x0d, 0x34, 0x3c, 0x00, 0x02, 0x0c, 0x3c, 0x00, 0x02,
    0x3e, 0x02, 0x01, 0xb5, 0x02, 0x09, 0x02, 0xa8, 0x00, 0x09, 0x98, 0x02,
    0x9a, 0x02, 0x08, 0x00, 0xa0, 0x02, 0x96, 0x02, 0xa6, 0x02, 0x9a, 0x00,
    0xc4, 0x02, 0xb0, 0x02, 0x0b, 0x3c, 0x00, 0x01, 0x3a, 0x02, 0x39, 0x02,
    0x34, 0x3a, 0x03, 0x39, 0x02, 0x35, 0x3a, 0x04, 0x0b, 0x35, 0x35, 0x34,
    0x3a, 0x05, 0x0b, 0x3c, 0x01, 0x01, 0x3a, 0x06, 0x39, 0x06, 0x1d, 0x15,
    0x39, 0x06, 0x34, 0x39, 0x03, 0x1e, 0x1d, 0x0a, 0x39, 0x06, 0x35, 0x35,
    0x34, 0x39, 0x04, 0x1e, 0x1c, 0x01, 0x2b, 0x1c, 0x01, 0x2b, 0x3a, 0x07,
    0x39, 0x04, 0x01, 0x01, 0x02, 0x3a, 0x08, 0x39, 0x07, 0x1d, 0x18, 0x0b,
    0x39, 0x05, 0x39, 0x03, 0x39, 0x08, 0x33, 0x39, 0x03, 0x0c, 0x39, 0x06,
    0x35, 0x34, 0x33, 0x39, 0x08, 0x3c, 0x02, 0x03, 0x3e, 0x03, 0x04, 0x0b,
    0x3c, 0x04, 0x01, 0x3a, 0x09, 0x39, 0x09, 0x39, 0x03, 0x3c, 0x05, 0x02,
    0x3a, 0x0a, 0x39, 0x04, 0x39, 0x0a, 0x3d, 0x03, 0x01, 0x1e, 0x1d, 0x1c,
    0x0b, 0x39, 0x09, 0x39, 0x03, 0x39, 0x08, 0x33, 0x39, 0x03, 0x0c, 0x39,
    0x0a, 0x3d, 0x1c, 0x01, 0x3c, 0x06, 0x01, 0x33, 0x39, 0x08, 0x3c, 0x02,
    0x03, 0x3e, 0x03, 0x04, 0x0b, 0x39, 0x09, 0x39, 0x03, 0x39, 0x0a, 0x39,
    0x04, 0x0c, 0x3c, 0x07, 0x03, 0x3c, 0x08, 0x03, 0x39, 0x03, 0x39, 0x08,
    0x33, 0x3e, 0x03, 0x03, 0xb5, 0x01, 0x0f, 0x02, 0xdb, 0x00, 0x0d, 0x98,
    0x02, 0x9c, 0x02, 0x9e, 0x02, 0x9a, 0x02, 0xb0, 0x02, 0xbe, 0x02, 0xac,
    0x02, 0xae, 0x02, 0xa0, 0x02, 0xa8, 0x02, 0xc0, 0x02, 0xc2, 0x02, 0x96,
    0x02, 0x0b, 0x3c, 0x00, 0x01, 0x3a, 0x01, 0x39, 0x01, 0x3c, 0x01, 0x01,
    0x3a, 0x02, 0x39, 0x01, 0x3c, 0x02, 0x01, 0x3a, 0x03, 0x0b, 0x3c, 0x03,
    0x01, 0x3a, 0x04, 0x39, 0x04, 0x1d, 0x15, 0x39, 0x04, 0x34, 0x39, 0x02,
    0x1e, 0x1d, 0x0a, 0x39, 0x04, 0x35, 0x35, 0x34, 0x39, 0x03, 0x1e, 0x1c,
    0x01, 0x2b, 0x1c, 0x01, 0x2b, 0x1d, 0x43, 0x0b, 0x0b, 0x35, 0x35, 0x34,
    0x39, 0x02, 0x39, 0x04, 0x35, 0x34, 0x3d, 0x17, 0x01, 0x3d, 0x1d, 0x01,
    0x3c, 0x04, 0x03, 0x3a, 0x05, 0x39, 0x02, 0x01, 0x01, 0x02, 0x3a, 0x06,
    0x3c, 0x05, 0x00, 0x3a, 0x07, 0x39, 0x05, 0x39, 0x06, 0x2b, 0x3c, 0x06,
    0x03, 0x3a, 0x08, 0x39, 0x08, 0x34, 0x39, 0x07, 0x39, 0x08, 0x35, 0x33,
    0x3c, 0x07, 0x02, 0x39, 0x02, 0x01, 0x01, 0x02, 0x01, 0x00, 0x33, 0x3e,
    0x08, 0x03, 0x0b, 0x39, 0x02, 0x3c, 0x09, 0x02, 0x3a, 0x09, 0x39, 0x03,
    0x39, 0x09, 0x3d, 0x03, 0x01, 0x1e, 0x1d, 0x04, 0x39, 0x09, 0x1c, 0x07,
    0x39, 0x09, 0x39, 0x03, 0x3c, 0x0a, 0x02, 0x3a, 0x0a, 0x39, 0x09, 0x39,
    0x03, 0x3c, 0x0b, 0x02, 0x3a, 0x0b, 0x0b, 0x0b, 0x3c, 0x0c, 0x01, 0x39,
    0x02, 0x39, 0x0a, 0x3c, 0x04, 0x03, 0x3a, 0x0c, 0x39, 0x02, 0x01, 0x01,
    0x02, 0x3a, 0x0d, 0x39, 0x0b, 0x3a, 0x0e, 0x39, 0x0c, 0x39, 0x0d, 0x2b,
    0x3c, 0x06, 0x03, 0x3a, 0x0f, 0x39, 0x0f, 0x34, 0x39, 0x0e, 0x39, 0x0f,
    0x35, 0x33, 0x3c, 0x07, 0x02, 0x39, 0x02, 0x01, 0x01, 0x02, 0x01, 0x00,
    0x33, 0x3e, 0x08, 0x03, 0xb5, 0x01, 0x0a, 0x02, 0xcf, 0x00, 0x0a, 0x98,
    0x02, 0x9a, 0x02, 0x08, 0x00, 0xa0, 0x02, 0xa8, 0x02, 0x96, 0x02, 0xc6,
    0x02, 0xb0, 0x02, 0xc8, 0x02, 0xb2, 0x02, 0x0b, 0x3c, 0x00, 0x01, 0x3a,
    0x01, 0x39, 0x01, 0x34, 0x3a, 0x02, 0x39, 0x01, 0x35, 0x3a, 0x03, 0x0b,
    0x35, 0x35, 0x34, 0x3a, 0x04, 0x0b, 0x3c, 0x01, 0x01, 0x3a, 0x05, 0x39,
    0x05, 0x1d, 0x1f, 0x39, 0x03, 0x01, 0x00, 0x13, 0x1d, 0x15, 0x39, 0x05,
    0x34, 0x39, 0x02, 0x1e, 0x1d, 0x0a, 0x39, 0x05, 0x35, 0x35, 0x34, 0x39,
    0x03, 0x1e, 0x1c, 0x01, 0x2b, 0x1c, 0x01, 0x2b, 0x1c, 0x01, 0x2b, 0x3a,
    0x06, 0x39, 0x03, 0x01, 0x01, 0x0e, 0x3a, 0x07, 0x39, 0x06, 0x1d, 0x17,
    0x0b, 0x39, 0x04, 0x39, 0x02, 0x39, 0x07, 0x33, 0x39, 0x02, 0x39, 0x05,
    0x35, 0x34, 0x35, 0x39, 0x07, 0x3c, 0x02, 0x03, 0x3e, 0x03, 0x04, 0x39,
    0x03, 0x01, 0x00, 0x13, 0x1d, 0x21, 0x0b, 0x39, 0x02, 0x3c, 0x04, 0x02,
    0x3a, 0x08, 0x0b, 0x0b, 0x3c, 0x05, 0x01, 0x39, 0x02, 0x39, 0x08, 0x39,
    0x03, 0x3c, 0x06, 0x02, 0x3c, 0x07, 0x03, 0x39, 0x02, 0x39, 0x07, 0x33,
    0x3e, 0x03, 0x03, 0x39, 0x02, 0x01, 0x00, 0x13, 0x1d, 0x3a, 0x0b, 0x39,
    0x02, 0x01, 0x01, 0x0e, 0x3c, 0x04, 0x02, 0x3a, 0x09, 0x0b, 0x39, 0x02,
    0x3c, 0x04, 0x02, 0x3a, 0x0a, 0x0b, 0x0b, 0x3c, 0x05, 0x01, 0x39, 0x02,
    0x01, 0x01, 0x0e, 0x39, 0x09, 0x39, 0x0a, 0x3c, 0x08, 0x02, 0x3c, 0x07,
    0x03, 0x39, 0x02, 0x3c, 0x09, 0x02, 0x39, 0x02, 0x01, 0x01, 0x0e, 0x39,
    0x09, 0x3d, 0x03, 0x01, 0x33, 0x3e, 0x03, 0x03, 0x0b, 0x05, 0xb5, 0x01,
    0x06, 0x02, 0x77, 0x00, 0x09, 0x98, 0x02, 0x96, 0x02, 0xa6, 0x02, 0xc6,
    0x02, 0xb0, 0x02, 0xa0, 0x02, 0x90, 0x00, 0xc8, 0x02, 0xb2, 0x02, 0x0b,
    0x3c, 0x00, 0x01, 0x3a, 0x01, 0x39, 0x01, 0x34, 0x3a, 0x02, 0x39, 0x01,
    0x35, 0x3a, 0x03, 0x0b, 0x3c, 0x01, 0x01, 0x3a, 0x04, 0x39, 0x04, 0x39,
    0x02, 0x3c, 0x02, 0x02, 0x3a, 0x05, 0x39, 0x03, 0x39, 0x05, 0x3d, 0x03,
    0x01, 0x12, 0x1d, 0x17, 0x0b, 0x39, 0x04, 0x39, 0x02, 0x39, 0x05, 0x39,
    0x03, 0x01, 0x01, 0x02, 0x3c, 0x03, 0x02, 0x3c, 0x04, 0x03, 0x39, 0x01,
    0x3e, 0x05, 0x03, 0x39, 0x02, 0x01, 0x01, 0x02, 0x39, 0x04, 0x3c, 0x06,
    0x01, 0x12, 0x1d, 0x28, 0x39, 0x04, 0x39, 0x02, 0x01, 0x01, 0x02, 0x3c,
    0x02, 0x02, 0x3a, 0x06, 0x0b, 0x39, 0x04, 0x39, 0x02, 0x39, 0x05, 0x39,
    0x06, 0x3c, 0x07, 0x02, 0x3c, 0x04, 0x03, 0x39, 0x02, 0x01, 0x01, 0x02,
    0x3c, 0x08, 0x02, 0x39, 0x01, 0x3e, 0x05, 0x03, 0x0b, 0x05, 0xb5, 0x01,
    0x07, 0x02, 0x9c, 0x00, 0x0d, 0x98, 0x02, 0x96, 0x02, 0xa6, 0x02, 0xc2,
    0x02, 0x00, 0x06, 0xc0, 0x02, 0xb0, 0x02, 0xa0, 0x02, 0x90, 0x00, 0x08,
    0x00, 0xc8, 0x02, 0xb2, 0x02, 0xbe, 0x02, 0x0b, 0x3c, 0x00, 0x01, 0x3a,
    0x01, 0x39, 0x01, 0x34, 0x3a, 0x02, 0x39, 0x01, 0x35, 0x3a, 0x03, 0x0b,
    0x3c, 0x01, 0x01, 0x3a, 0x04, 0x39, 0x04, 0x39, 0x02, 0x3c, 0x02, 0x02,
    0x3a, 0x05, 0x39, 0x03, 0x39, 0x05, 0x3d, 0x03, 0x01, 0x12, 0x1d, 0x25,
    0x39, 0x05, 0x39, 0x03, 0x3c, 0x03, 0x02, 0x3a, 0x06, 0x06, 0x04, 0x39,
    0x06, 0x3d, 0x14, 0x02, 0x3b, 0x0b, 0x39, 0x04, 0x39, 0x02, 0x39, 0x05,
    0x39, 0x03, 0x3c, 0x05, 0x02, 0x3c, 0x06, 0x03, 0x39, 0x01, 0x3e, 0x07,
    0x03, 0x39, 0x02, 0x01, 0x01, 0x02, 0x39, 0x04, 0x3c, 0x08, 0x01, 0x12,
    0x1d, 0x36, 0x39, 0x04, 0x39, 0x02, 0x01, 0x01, 0x02, 0x3c, 0x02, 0x02,
    0x3a, 0x07, 0x06, 0x04, 0x01, 0x0a, 0x3c, 0x09, 0x01, 0x3d, 0x1d, 0x01,
    0x3d, 0x14, 0x02, 0x3b, 0x0b, 0x39, 0x04, 0x39, 0x02, 0x39, 0x05, 0x39,
    0x07, 0x3c, 0x0a, 0x02, 0x3c, 0x06, 0x03, 0x39, 0x02, 0x01, 0x01, 0x02,
    0x3c, 0x0b, 0x02, 0x39, 0x01, 0x3e, 0x07, 0x03, 0x06, 0x04, 0x3c, 0x0c,
    0x00, 0x3d, 0x14, 0x02, 0x3b, 0x0b, 0x05, 0xb5, 0x02, 0x05, 0x02, 0x6f,
    0x00, 0x09, 0xd4, 0x02, 0x98, 0x02, 0x96, 0x02, 0xa6, 0x02, 0xc0, 0x02,
    0xc8, 0x02, 0xc2, 0x02, 0xb0, 0x02, 0xa0, 0x02, 0x0c, 0x3d, 0x03, 0x01,
    0x01, 0x00, 0x13, 0x1d, 0x64, 0x0c, 0x3d, 0x03, 0x01, 0x01, 0x01, 0x1e,
    0x1d, 0x0b, 0x0c, 0x01, 0x00, 0x3d, 0x04, 0x02, 0x01, 0x0a, 0x1e, 0x1c,
    0x01, 0x2b, 0x1d, 0x04, 0x0b, 0x3e, 0x00, 0x01, 0x0b, 0x3c, 0x01, 0x01,
    0x3a, 0x02, 0x39, 0x02, 0x34, 0x3a, 0x03, 0x39, 0x02, 0x35, 0x3a, 0x04,
    0x0b, 0x3c, 0x02, 0x01, 0x3a, 0x05, 0x39, 0x05, 0x39, 0x03, 0x3c, 0x03,
    0x02, 0x3a, 0x06, 0x0b, 0x39, 0x05, 0x39, 0x03, 0x39, 0x06, 0x39, 0x04,
    0x3c, 0x04, 0x02, 0x0c, 0x3c, 0x05, 0x02, 0x39, 0x06, 0x39, 0x04, 0x3c,
    0x06, 0x02, 0x3c, 0x05, 0x02, 0x3c, 0x07, 0x03, 0x39, 0x03, 0x39, 0x04,
    0x0c, 0x3d, 0x03, 0x01, 0x02, 0x33, 0x3e, 0x08, 0x03, 0x0b, 0x05, 0xb5,
    0x01, 0x09, 0x02, 0x9d, 0x00, 0x0e, 0x02, 0x06, 0x00, 0x06, 0xbe, 0x02,
    0xdc, 0x02, 0x98, 0x02, 0x96, 0x02, 0xa6, 0x02, 0xca, 0x02, 0xc0, 0x02,
    0xc2, 0x02, 0xd0, 0x02, 0xcc, 0x02, 0x90, 0x00, 0xa0, 0x02, 0x06, 0x00,
    0x06, 0x01, 0x3d, 0x08, 0x02, 0x1d, 0x07, 0x06, 0x01, 0x3d, 0x13, 0x01,
    0x1c, 0x03, 0x3c, 0x02, 0x00, 0x3a, 0x01, 0x39, 0x01, 0x3d, 0x00, 0x01,
    0x1d, 0x06, 0x0b, 0x39, 0x01, 0x3e, 0x03, 0x02, 0x0b, 0x3a, 0x02, 0x39,
    0x01, 0x3a, 0x03, 0x39, 0x03, 0x1d, 0x6d, 0x39, 0x02, 0x3c, 0x04, 0x01,
    0x3a, 0x04, 0x39, 0x04, 0x34, 0x3a, 0x05, 0x39, 0x04, 0x35, 0x3a, 0x06,
    0x39, 0x02, 0x3c, 0x05, 0x01, 0x3a, 0x07, 0x39, 0x07, 0x39, 0x05, 0x3c,
    0x06, 0x02, 0x3a, 0x08, 0x39, 0x03, 0x3c, 0x07, 0x01, 0x3a, 0x09, 0x39,
    0x02, 0x39, 0x07, 0x39, 0x05, 0x39, 0x05, 0x39, 0x08, 0x39, 0x06, 0x3c,
    0x08, 0x02, 0x39, 0x08, 0x39, 0x06, 0x3c, 0x09, 0x02, 0x39, 0x03, 0x3c,
    0x0a, 0x03, 0x3c, 0x0b, 0x04, 0x39, 0x03, 0x35, 0x1d, 0x13, 0x39, 0x05,
    0x39, 0x03, 0x3c, 0x0c, 0x01, 0x01, 0x01, 0x0e, 0x02, 0x39, 0x09, 0x3d,
    0x03, 0x01, 0x33, 0x1c, 0x0c, 0x39, 0x05, 0x39, 0x06, 0x39, 0x03, 0x34,
    0x3d, 0x03, 0x01, 0x02, 0x33, 0x3e, 0x0d, 0x03, 0x39, 0x02, 0x05, 0xb5,
    0x01, 0x02, 0x02, 0x4c, 0x00, 0x05, 0x98, 0x02, 0x9e, 0x02, 0x9c, 0x02,
    0xa2, 0x02, 0xa8, 0x02, 0x0b, 0x3c, 0x00, 0x01, 0x3a, 0x01, 0x39, 0x01,
    0x3c, 0x01, 0x01, 0x01, 0x00, 0x13, 0x1d, 0x11, 0x0b, 0x39, 0x01, 0x3c,
    0x02, 0x01, 0x39, 0x01, 0x3c, 0x01, 0x01, 0x01, 0x01, 0x0e, 0x3e, 0x03,
    0x03, 0x39, 0x01, 0x3c, 0x02, 0x01, 0x01, 0x00, 0x13, 0x1d, 0x1f, 0x0b,
    0x39, 0x01, 0x3c, 0x02, 0x01, 0x01, 0x01, 0x0e, 0x3c, 0x04, 0x02, 0x3a,
    0x02, 0x0b, 0x39, 0x01, 0x3c, 0x02, 0x01, 0x01, 0x01, 0x0e, 0x39, 0x02,
    0x3d, 0x03, 0x01, 0x3e, 0x03, 0x03, 0x0b, 0x05, 0xb5, 0x01, 0x02, 0x02,
    0x4e, 0x00, 0x06, 0x98, 0x02, 0x9c, 0x02, 0xa8, 0x02, 0x9e, 0x02, 0xa2,
    0x02, 0xa4, 0x02, 0x0b, 0x3c, 0x00, 0x01, 0x3a, 0x01, 0x0b, 0x39, 0x01,
    0x3c, 0x01, 0x01, 0x3c, 0x02, 0x02, 0x3a, 0x02, 0x39, 0x01, 0x3c, 0x03,
    0x01, 0x39, 0x02, 0x3d, 0x03, 0x01, 0x12, 0x1d, 0x11, 0x0b, 0x39, 0x01,
    0x3c, 0x01, 0x01, 0x39, 0x01, 0x3c, 0x03, 0x01, 0x01, 0x01, 0x02, 0x3e,
    0x04, 0x03, 0x39, 0x01, 0x3c, 0x01, 0x01, 0x01, 0x01, 0x02, 0x0b, 0x3c,
    0x05, 0x01, 0x12, 0x1d, 0x0e, 0x0b, 0x39, 0x01, 0x3c, 0x01, 0x01, 0x01,
    0x01, 0x02, 0x01, 0x00, 0x3e, 0x04, 0x03, 0x0b, 0x05, 0xb5, 0x01, 0x04,
    0x02, 0x47, 0x00, 0x05, 0x98, 0x02, 0x9c, 0x02, 0xa8, 0x02, 0x9e, 0x02,
    0xa2, 0x02, 0x0b, 0x3c, 0x00, 0x01, 0x3a, 0x01, 0x39, 0x01, 0x3c, 0x01,
    0x01, 0x01, 0x00, 0x13, 0x1d, 0x35, 0x0b, 0x39, 0x01, 0x3c, 0x01, 0x01,
    0x01, 0x01, 0x0e, 0x3c, 0x02, 0x02, 0x3a, 0x02, 0x0b, 0x39, 0x01, 0x3c,
    0x01, 0x01, 0x01, 0x01, 0x0e, 0x39, 0x01, 0x3c, 0x03, 0x01, 0x3a, 0x03,
    0x39, 0x02, 0x3d, 0x03, 0x01, 0x3a, 0x04, 0x39, 0x03, 0x39, 0x04, 0x12,
    0x1d, 0x04, 0x39, 0x03, 0x1c, 0x02, 0x39, 0x04, 0x3e, 0x04, 0x03, 0x0b,
    0x05, 0xb5, 0x01, 0x04, 0x02, 0x4c, 0x00, 0x06, 0x98, 0x02, 0x9c, 0x02,
    0xa4, 0x02, 0xa8, 0x02, 0x9e, 0x02, 0xa2, 0x02, 0x0b, 0x3c, 0x00, 0x01,
    0x3a, 0x01, 0x39, 0x01, 0x3c, 0x01, 0x01, 0x01, 0x01, 0x02, 0x0b, 0x3c,
    0x02, 0x01, 0x12, 0x1d, 0x35, 0x0b, 0x39, 0x01, 0x3c, 0x01, 0x01, 0x01,
    0x01, 0x02, 0x3c, 0x03, 0x02, 0x3a, 0x02, 0x0b, 0x39, 0x01, 0x3c, 0x01,
    0x01, 0x01, 0x01, 0x02, 0x39, 0x01, 0x3c, 0x04, 0x01, 0x3a, 0x03, 0x39,
    0x02, 0x3d, 0x03, 0x01, 0x3a, 0x04, 0x39, 0x03, 0x39, 0x04, 0x12, 0x1d,
    0x04, 0x39, 0x03, 0x1c, 0x02, 0x39, 0x04, 0x3e, 0x05, 0x03, 0x0b, 0x05,
    0xb5, 0x01, 0x00, 0x02, 0x0f, 0x00, 0x00, 0x0b, 0x01, 0x20, 0x12, 0x2a,
    0x1d, 0x06, 0x0b, 0x01, 0x7e, 0x13, 0x2a, 0x05, 0x2b, 0x05, 0xb5, 0x02,
    0x00, 0x02, 0x16, 0x00, 0x01, 0xea, 0x02, 0x0c, 0x1d, 0x11, 0x0b, 0x0c,
    0x34, 0x1e, 0x1d, 0x04, 0x0c, 0x35, 0x34, 0x05, 0x0b, 0x0c, 0x35, 0x35,
    0x3e, 0x00, 0x02, 0x2b, 0x05, 0xb5, 0x01, 0x00, 0x02, 0x0d, 0x00, 0x03,
    0xf8, 0x02, 0x46, 0x06, 0xea, 0x02, 0x06, 0x00, 0x2b, 0x3d, 0x14, 0x02,
    0x3b, 0x0b, 0x06, 0x01, 0x3e, 0x02, 0x02, 0xb5, 0x01, 0x00, 0x02, 0x06,
    0x00, 0x02, 0xa6, 0x06, 0xea, 0x02, 0x0b, 0x06, 0x00, 0x3e, 0x01, 0x02,
    0xb5, 0x01, 0x00, 0x02, 0x06, 0x00, 0x02, 0x3a, 0x07, 0xea, 0x02, 0x0b,
    0x06, 0x00, 0x3e, 0x01, 0x02, 0xb5, 0x01, 0x00, 0x02, 0x08, 0x00, 0x01,
    0xf0, 0x02, 0x0b, 0x3c, 0x00, 0x01, 0x01, 0x01, 0x1e, 0x05, 0xb5, 0x01,
    0x00, 0x02, 0x05, 0x00, 0x00, 0x0b, 0x35, 0x35, 0x34, 0x05, 0xb5, 0x02,
    0x00, 0x02, 0x2a, 0x00, 0x06, 0xff, 0x01, 0x3c, 0x07, 0x9e, 0x00, 0xb7,
    0x08, 0x3e, 0x07, 0xeb, 0x07, 0x0b, 0x06, 0x00, 0x1e, 0x1d, 0x08, 0x06,
    0x01, 0x0c, 0x3c, 0x02, 0x02, 0x1c, 0x01, 0x2b, 0x1d, 0x03, 0x06, 0x03,
    0x05, 0x0b, 0x01, 0x78, 0x1e, 0x1d, 0x08, 0x06, 0x04, 0x0c, 0x3c, 0x02,
    0x02, 0x1c, 0x01, 0x2b, 0x1d, 0x03, 0x06, 0x05, 0x05, 0x2b, 0x05, 0xb5,
    0x01, 0x04, 0x02, 0x69, 0x00, 0x07, 0x20, 0x03, 0xf4, 0x02, 0xf6, 0x02,
    0xf8, 0x02, 0xec, 0x02, 0xee, 0x02, 0xad, 0x08, 0x0b, 0x3c, 0x00, 0x01,
    0x3a, 0x01, 0x0b, 0x3c, 0x01, 0x01, 0x3a, 0x02, 0x39, 0x01, 0x39, 0x02,
    0x3c, 0x02, 0x02, 0x3a, 0x03, 0x39, 0x03, 0x1d, 0x0a, 0x06, 0x03, 0x2b,
    0x3d, 0x14, 0x02, 0x3b, 0x39, 0x03, 0x05, 0x06, 0x03, 0x3d, 0x13, 0x01,
    0x01, 0x18, 0x1e, 0x1d, 0x05, 0x39, 0x01, 0x3e, 0x04, 0x01, 0x39, 0x01,
    0x01, 0x18, 0x1e, 0x1d, 0x0a, 0x06, 0x03, 0x01, 0x18, 0x3d, 0x14, 0x02,
    0x3b, 0x2b, 0x05, 0x39, 0x01, 0x3c, 0x05, 0x01, 0x3a, 0x04, 0x39, 0x04,
    0x1d, 0x03, 0x39, 0x04, 0x05, 0x39, 0x01, 0x01, 0x20, 0x12, 0x2a, 0x1d,
    0x08, 0x39, 0x01, 0x01, 0x7e, 0x13, 0x2a, 0x1c, 0x01, 0x2b, 0x1d, 0x03,
    0x06, 0x06, 0x05, 0x2b, 0x05, 0xb5, 0x01, 0x00, 0x02, 0x1c, 0x00, 0x04,
    0x0a, 0x02, 0x42, 0x07, 0x24, 0x01, 0x08, 0x00, 0x0b, 0x2b, 0x01, 0x00,
    0x2b, 0x2b, 0x2b, 0x2b, 0x3d, 0x2a, 0x00, 0x3c, 0x00, 0x01, 0x06, 0x01,
    0x3d, 0x2b, 0x00, 0x3c, 0x00, 0x01, 0x3c, 0x02, 0x03, 0x3e, 0x03, 0x08,
    0xb5, 0x01, 0x00, 0x02, 0x03, 0x00, 0x00, 0x0b, 0x34, 0x05, 0xb5, 0x01,
    0x00, 0x02, 0x04, 0x00, 0x00, 0x0b, 0x35, 0x34, 0x05, 0xb5, 0x01, 0x00,
    0x02, 0x05, 0x00, 0x00, 0x0b, 0x35, 0x35, 0x34, 0x05, 0xb5, 0x04, 0x00,
    0x02, 0x3a, 0x00, 0x09, 0x44, 0x07, 0xbd, 0x08, 0xfc, 0x02, 0xda, 0x02,
    0x1a, 0x03, 0xbf, 0x08, 0xde, 0x02, 0x58, 0x07, 0x04, 0x03, 0x0b, 0x06,
    0x00, 0x1e, 0x1d, 0x06, 0x0d, 0x06, 0x01, 0x1e, 0x1c, 0x01, 0x2b, 0x1d,
    0x0b, 0x0c, 0x0c, 0x3c, 0x02, 0x01, 0x3c, 0x03, 0x01, 0x3e, 0x04, 0x02,
    0x0b, 0x06, 0x00, 0x1e, 0x1d, 0x06, 0x0d, 0x06, 0x05, 0x1e, 0x1c, 0x01,
    0x2b, 0x1d, 0x0b, 0x0c, 0x0c, 0x3c, 0x02, 0x01, 0x3c, 0x06, 0x01, 0x3e,
    0x04, 0x02, 0x0c, 0x06, 0x07, 0x3e, 0x08, 0x02, 0xb5, 0x02, 0x07, 0x02,
    0x3a, 0x00, 0x01, 0x08, 0x00, 0x0b, 0x35, 0x3a, 0x02, 0x39, 0x02, 0x35,
    0x3a, 0x03, 0x39, 0x03, 0x35, 0x3a, 0x04, 0x39, 0x04, 0x35, 0x3a, 0x05,
    0x39, 0x05, 0x35, 0x3a, 0x06, 0x39, 0x06, 0x35, 0x3a, 0x07, 0x39, 0x07,
    0x35, 0x3a, 0x08, 0x0b, 0x34, 0x0c, 0x39, 0x03, 0x34, 0x39, 0x04, 0x34,
    0x39, 0x05, 0x34, 0x39, 0x06, 0x34, 0x39, 0x07, 0x34, 0x39, 0x08, 0x34,
    0x3e, 0x00, 0x08, 0xb5, 0x06, 0x00, 0x02, 0x17, 0x00, 0x04, 0x44, 0x03,
    0x08, 0x00, 0xdb, 0x07, 0x04, 0x03, 0x06, 0x00, 0x0c, 0x0d, 0x38, 0x03,
    0x38, 0x04, 0x38, 0x05, 0x3c, 0x01, 0x05, 0x3d, 0x14, 0x02, 0x3b, 0x0b,
    0x06, 0x02, 0x3e, 0x03, 0x02, 0xb5, 0x06, 0x00, 0x02, 0x1c, 0x00, 0x02,
    0x5a, 0x07, 0x06, 0x03, 0x0b, 0x0c, 0x0d, 0x38, 0x03, 0x1d, 0x04, 0x38,
    0x03, 0x1c, 0x02, 0x06, 0x00, 0x38, 0x04, 0x1d, 0x04, 0x38, 0x04, 0x1c,
    0x02, 0x06, 0x00, 0x38, 0x05, 0x3e, 0x01, 0x06, 0xb5, 0x05, 0x02, 0x02,
    0x7c, 0x00, 0x03, 0x2a, 0x01, 0x34, 0x01, 0x0a, 0x03, 0x0d, 0x1d, 0x70,
    0x0d, 0x34, 0x3a, 0x05, 0x0b, 0x3d, 0x03, 0x01, 0x01, 0x00, 0x13, 0x1d,
    0x03, 0x0b, 0x1c, 0x01, 0x0c, 0x3a, 0x06, 0x38, 0x04, 0x1d, 0x03, 0x2c,
    0x1c, 0x2a, 0x0b, 0x3d, 0x03, 0x01, 0x01, 0x00, 0x13, 0x1d, 0x20, 0x0b,
    0x3d, 0x03, 0x01, 0x39, 0x05, 0x3d, 0x03, 0x01, 0x13, 0x1d, 0x03, 0x2b,
    0x1c, 0x0f, 0x0b, 0x39, 0x05, 0x01, 0x00, 0x0b, 0x3d, 0x03, 0x01, 0x3c,
    0x00, 0x03, 0x3c, 0x01, 0x02, 0x1c, 0x01, 0x2c, 0x1d, 0x1f, 0x38, 0x04,
    0x1d, 0x03, 0x39, 0x05, 0x05, 0x0b, 0x0c, 0x0d, 0x35, 0x38, 0x03, 0x1d,
    0x04, 0x38, 0x03, 0x1c, 0x02, 0x39, 0x05, 0x39, 0x06, 0x39, 0x05, 0x3c,
    0x01, 0x02, 0x3e, 0x02, 0x05, 0x0b, 0x0c, 0x0d, 0x35, 0x38, 0x03, 0x38,
    0x04, 0x3e, 0x02, 0x05, 0x38, 0x03, 0x1d, 0x03, 0x38, 0x03, 0x05, 0x0b,
    0x05, 0xb5, 0x05, 0x06, 0x02, 0xa9, 0x00, 0x08, 0x0a, 0x03, 0xc0, 0x02,
    0x5e, 0x07, 0x23, 0x01, 0x60, 0x07, 0xe8, 0x02, 0x08, 0x00, 0x8c, 0x00,
    0x0b, 0x01, 0x09, 0x1e, 0x1d, 0x0a, 0x0d, 0x38, 0x03, 0x38, 0x04, 0x2b,
    0x2b, 0x3e, 0x00, 0x05, 0x0b, 0x01, 0x14, 0x1e, 0x3a, 0x05, 0x39, 0x05,
    0x1d, 0x04, 0x39, 0x05, 0x1c, 0x04, 0x0b, 0x01, 0x7f, 0x1e, 0x1d, 0x16,
    0x0d, 0x3d, 0x03, 0x01, 0x01, 0x00, 0x13, 0x1d, 0x0b, 0x0d, 0x0d, 0x3d,
    0x03, 0x01, 0x01, 0x01, 0x0e, 0x3e, 0x01, 0x02, 0x0d, 0x05, 0x0b, 0x01,
    0x15, 0x1e, 0x1d, 0x03, 0x06, 0x02, 0x05, 0x0b, 0x01, 0x10, 0x1e, 0x3a,
    0x06, 0x39, 0x06, 0x1d, 0x04, 0x39, 0x06, 0x1c, 0x04, 0x0b, 0x06, 0x03,
    0x1e, 0x1d, 0x24, 0x0c, 0x3a, 0x07, 0x0d, 0x3a, 0x08, 0x06, 0x04, 0x3d,
    0x13, 0x01, 0x3a, 0x09, 0x39, 0x09, 0x1d, 0x08, 0x39, 0x07, 0x39, 0x09,
    0x34, 0x1e, 0x1c, 0x01, 0x2b, 0x1d, 0x05, 0x39, 0x09, 0x35, 0x34, 0x05,
    0x39, 0x08, 0x05, 0x0b, 0x01, 0x0e, 0x1e, 0x3a, 0x0a, 0x39, 0x0a, 0x1d,
    0x04, 0x39, 0x0a, 0x1c, 0x04, 0x0b, 0x01, 0x11, 0x1e, 0x1d, 0x03, 0x06,
    0x02, 0x05, 0x0b, 0x3c, 0x05, 0x01, 0x1d, 0x0f, 0x0d, 0x3d, 0x1c, 0x01,
    0x0b, 0x3c, 0x06, 0x01, 0x3c, 0x07, 0x02, 0x3d, 0x1d, 0x01, 0x05, 0x2b,
    0x05, 0xb5, 0x02, 0x0b, 0x02, 0xe1, 0x00, 0x0a, 0x20, 0x03, 0x44, 0x03,
    0x40, 0x01, 0x60, 0x07, 0x08, 0x00, 0x04, 0x03, 0xf0, 0x03, 0x76, 0x07,
    0x0c, 0x03, 0x06, 0x03, 0x0c, 0x3c, 0x00, 0x01, 0x3a, 0x02, 0x06, 0x01,
    0x3d, 0x13, 0x01, 0x3a, 0x03, 0x39, 0x03, 0x34, 0x3a, 0x04, 0x39, 0x03,
    0x35, 0x34, 0x3a, 0x05, 0x39, 0x03, 0x35, 0x35, 0x34, 0x3a, 0x06, 0x39,
    0x03, 0x35, 0x35, 0x35, 0x34, 0x3a, 0x07, 0x39, 0x03, 0x35, 0x35, 0x35,
    0x35, 0x34, 0x3a, 0x08, 0x39, 0x02, 0x01, 0x0d, 0x1e, 0x3a, 0x09, 0x39,
    0x09, 0x1d, 0x04, 0x39, 0x09, 0x1c, 0x1e, 0x39, 0x02, 0x01, 0x0a, 0x1e,
    0x3a, 0x0a, 0x39, 0x0a, 0x1d, 0x04, 0x39, 0x0a, 0x1c, 0x0f, 0x39, 0x04,
    0x06, 0x02, 0x1e, 0x1d, 0x07, 0x39, 0x02, 0x01, 0x13, 0x1e, 0x1c, 0x01,
    0x2b, 0x1d, 0x41, 0x39, 0x06, 0x3d, 0x03, 0x01, 0x01, 0x00, 0x13, 0x1d,
    0x04, 0x39, 0x06, 0x1c, 0x02, 0x39, 0x07, 0x3a, 0x0b, 0x39, 0x0b, 0x3d,
    0x03, 0x01, 0x01, 0x00, 0x13, 0x1d, 0x0e, 0x06, 0x03, 0x39, 0x04, 0x39,
    0x0b, 0x3c, 0x04, 0x02, 0x3d, 0x14, 0x02, 0x1c, 0x01, 0x2b, 0x3b, 0x06,
    0x01, 0x2b, 0x3d, 0x14, 0x02, 0x3b, 0x0b, 0x2b, 0x3c, 0x05, 0x02, 0x39,
    0x04, 0x39, 0x06, 0x39, 0x07, 0x3e, 0x06, 0x04, 0x39, 0x02, 0x01, 0x07,
    0x1e, 0x1d, 0x03, 0x2c, 0x1c, 0x05, 0x39, 0x02, 0x01, 0x1b, 0x1e, 0x1d,
    0x0d, 0x06, 0x01, 0x2b, 0x3d, 0x14, 0x02, 0x3b, 0x0b, 0x06, 0x07, 0x3e,
    0x05, 0x02, 0x39, 0x02, 0x39, 0x04, 0x39, 0x06, 0x39, 0x07, 0x39, 0x08,
    0x3c, 0x08, 0x05, 0x3a, 0x0c, 0x39, 0x0c, 0x1d, 0x0e, 0x0b, 0x39, 0x04,
    0x39, 0x05, 0x39, 0x0c, 0x39, 0x07, 0x39, 0x08, 0x3e, 0x09, 0x06, 0x0b,
    0x05, 0xb5, 0x02, 0x07, 0x02, 0x67, 0x00, 0x03, 0xfc, 0x02, 0x98, 0x02,
    0x00, 0x03, 0x0b, 0x3c, 0x00, 0x01, 0x3c, 0x01, 0x01, 0x34, 0x3a, 0x02,
    0x0b, 0x3c, 0x02, 0x01, 0x3a, 0x03, 0x0c, 0x01, 0x01, 0x0e, 0x3a, 0x04,
    0x39, 0x02, 0x39, 0x03, 0x12, 0x1d, 0x1c, 0x0b, 0x3a, 0x05, 0x39, 0x02,
    0x3a, 0x06, 0x39, 0x05, 0x34, 0x39, 0x05, 0x35, 0x34, 0x39, 0x06, 0x2b,
    0x39, 0x05, 0x35, 0x35, 0x35, 0x35, 0x33, 0x33, 0x33, 0x33, 0x05, 0x39,
    0x02, 0x39, 0x03, 0x39, 0x04, 0x02, 0x12, 0x1d, 0x02, 0x0b, 0x05, 0x0b,
    0x3a, 0x07, 0x39, 0x02, 0x39, 0x04, 0x0e, 0x01, 0x01, 0x02, 0x3a, 0x08,
    0x39, 0x07, 0x34, 0x39, 0x07, 0x35, 0x34, 0x39, 0x08, 0x2b, 0x39, 0x07,
    0x35, 0x35, 0x35, 0x35, 0x33, 0x33, 0x33, 0x33, 0x05, 0xb5, 0x01, 0x00,
    0x02, 0x06, 0x00, 0x00, 0x0b, 0x35, 0x35, 0x35, 0x34, 0x05, 0xb5, 0x01,
    0x00, 0x02, 0x07, 0x00, 0x00, 0x0b, 0x35, 0x35, 0x35, 0x35, 0x34, 0x05,
    0xb5, 0x01, 0x00, 0x02, 0x08, 0x00, 0x00, 0x0b, 0x35, 0x35, 0x35, 0x35,
    0x35, 0x34, 0x05, 0xb5, 0x01, 0x00, 0x02, 0x09, 0x00, 0x00, 0x0b, 0x35,
    0x35, 0x35, 0x35, 0x35, 0x35, 0x34, 0x05, 0xb5, 0x02, 0x07, 0x02, 0x3b,
    0x00, 0x01, 0x08, 0x00, 0x0b, 0x35, 0x3a, 0x02, 0x39, 0x02, 0x35, 0x3a,
    0x03, 0x39, 0x03, 0x35, 0x3a, 0x04, 0x39, 0x04, 0x35, 0x3a, 0x05, 0x39,
    0x05, 0x35, 0x3a, 0x06, 0x39, 0x06, 0x35, 0x3a, 0x07, 0x39, 0x07, 0x35,
    0x3a, 0x08, 0x0c, 0x39, 0x02, 0x34, 0x39, 0x03, 0x34, 0x39, 0x04, 0x34,
    0x39, 0x05, 0x34, 0x39, 0x06, 0x34, 0x39, 0x07, 0x34, 0x39, 0x08, 0x34,
    0x3e, 0x00, 0x08, 0xb5, 0x05, 0x07, 0x02, 0x36, 0x00, 0x01, 0x08, 0x00,
    0x0b, 0x35, 0x3a, 0x05, 0x39, 0x05, 0x35, 0x3a, 0x06, 0x39, 0x06, 0x35,
    0x3a, 0x07, 0x39, 0x07, 0x35, 0x3a, 0x08, 0x39, 0x08, 0x35, 0x3a, 0x09,
    0x39, 0x09, 0x35, 0x3a, 0x0a, 0x39, 0x0a, 0x35, 0x3a, 0x0b, 0x0b, 0x34,
    0x39, 0x05, 0x34, 0x39, 0x06, 0x34, 0x0c, 0x0d, 0x38, 0x03, 0x38, 0x04,
    0x39, 0x0b, 0x34, 0x3e, 0x00, 0x08, 0xb5, 0x03, 0x02, 0x02, 0x28, 0x00,
    0x03, 0x16, 0x03, 0x18, 0x03, 0x12, 0x03, 0x0b, 0x3c, 0x00, 0x01, 0x3a,
    0x03, 0x0b, 0x3c, 0x01, 0x01, 0x3a, 0x04, 0x39, 0x03, 0x1d, 0x0f, 0x39,
    0x03, 0x0c, 0x1e, 0x1d, 0x06, 0x39, 0x04, 0x0d, 0x1e, 0x1c, 0x01, 0x2b,
    0x1c, 0x01, 0x2b, 0x1d, 0x04, 0x0b, 0x3e, 0x02, 0x01, 0x2b, 0x05, 0xb5,
    0x01, 0x00, 0x02, 0x04, 0x00, 0x00, 0x0b, 0x35, 0x34, 0x05, 0xb5, 0x02,
    0x01, 0x02, 0x39, 0x00, 0x01, 0x9c, 0x03, 0x06, 0x00, 0x06, 0x00, 0x3d,
    0x39, 0x01, 0x1d, 0x07, 0x06, 0x00, 0x3d, 0x13, 0x01, 0x1c, 0x01, 0x2b,
    0x3a, 0x02, 0x39, 0x02, 0x1d, 0x07, 0x39, 0x02, 0x34, 0x0b, 0x12, 0x1c,
    0x01, 0x2b, 0x1d, 0x05, 0x39, 0x02, 0x34, 0x1c, 0x01, 0x0b, 0x0c, 0x39,
    0x02, 0x1d, 0x05, 0x39, 0x02, 0x35, 0x1c, 0x02, 0x01, 0x00, 0x02, 0x33,
    0x3d, 0x14, 0x02, 0x05, 0xb5, 0x02, 0x03, 0x02, 0x4a, 0x00, 0x09, 0xfc,
    0x02, 0x98, 0x02, 0x9e, 0x02, 0x9c, 0x03, 0x22, 0x03, 0xd4, 0x02, 0x20,
    0x03, 0xd2, 0x02, 0x1a, 0x03, 0x0b, 0x3c, 0x00, 0x01, 0x3a, 0x02, 0x39,
    0x02, 0x3c, 0x01, 0x01, 0x3c, 0x02, 0x01, 0x3a, 0x03, 0x39, 0x02, 0x3c,
    0x01, 0x01, 0x3c, 0x02, 0x01, 0x01, 0x4f, 0x12, 0x2a, 0x3a, 0x04, 0x39,
    0x04, 0x1d, 0x08, 0x06, 0x03, 0x2b, 0x3d, 0x14, 0x02, 0x1c, 0x07, 0x39,
    0x03, 0x01, 0x00, 0x3c, 0x04, 0x02, 0x3b, 0x0b, 0x39, 0x04, 0x1d, 0x07,
    0x39, 0x02, 0x3c, 0x05, 0x01, 0x1c, 0x02, 0x39, 0x02, 0x0c, 0x3c, 0x06,
    0x01, 0x3c, 0x07, 0x02, 0x3e, 0x08, 0x02, 0xb5, 0x01, 0x00, 0x02, 0x24,
    0x00, 0x08, 0xfc, 0x02, 0x92, 0x02, 0x8e, 0x07, 0x16, 0x01, 0xaa, 0x02,
    0xe4, 0x03, 0x8c, 0x02, 0x1a, 0x03, 0x0b, 0x3c, 0x00, 0x01, 0x3c, 0x01,
    0x01, 0x06, 0x02, 0x3c, 0x03, 0x02, 0x1d, 0x0b, 0x0b, 0x0b, 0x3c, 0x00,
    0x01, 0x3c, 0x04, 0x01, 0x3e, 0x05, 0x02, 0x0b, 0x0b, 0x3c, 0x00, 0x01,
    0x3c, 0x06, 0x01, 0x3e, 0x07, 0x02, 0xb5, 0x01, 0x03, 0x02, 0x3b, 0x00,
    0x07, 0xfc, 0x02, 0x98, 0x02, 0xaa, 0x02, 0x22, 0x03, 0x9c, 0x03, 0xd8,
    0x02, 0x1a, 0x03, 0x0b, 0x3c, 0x00, 0x01, 0x3a, 0x01, 0x39, 0x01, 0x3c,
    0x01, 0x01, 0x3a, 0x02, 0x39, 0x01, 0x3c, 0x02, 0x01, 0x3a, 0x03, 0x39,
    0x02, 0x35, 0x39, 0x03, 0x3d, 0x03, 0x01, 0x12, 0x1d, 0x0a, 0x39, 0x02,
    0x35, 0x01, 0x01, 0x3c, 0x03, 0x02, 0x1c, 0x06, 0x06, 0x04, 0x2b, 0x3d,
    0x14, 0x02, 0x3b, 0x0b, 0x0b, 0x3c, 0x00, 0x01, 0x3c, 0x05, 0x01, 0x3e,
    0x06, 0x02, 0xb5, 0x02, 0x02, 0x02, 0x2f, 0x00, 0x06, 0x9c, 0x03, 0xfc,
    0x02, 0x98, 0x02, 0xaa, 0x02, 0xa2, 0x02, 0x1a, 0x03, 0x06, 0x00, 0x2b,
    0x3d, 0x14, 0x02, 0x3b, 0x0b, 0x3c, 0x01, 0x01, 0x3a, 0x02, 0x39, 0x02,
    0x3c, 0x02, 0x01, 0x3a, 0x03, 0x0b, 0x39, 0x02, 0x39, 0x03, 0x34, 0x0c,
    0x1d, 0x0a, 0x39, 0x02, 0x3c, 0x03, 0x01, 0x3d, 0x03, 0x01, 0x1c, 0x02,
    0x01, 0x00, 0x3c, 0x04, 0x03, 0x3e, 0x05, 0x02, 0xb5, 0x03, 0x01, 0x02,
    0xb9, 0x00, 0x17, 0xad, 0x08, 0x9b, 0x08, 0x9c, 0x03, 0x24, 0x03, 0xab,
    0x08, 0x26, 0x03, 0xfc, 0x02, 0x98, 0x02, 0x22, 0x03, 0xd6, 0x02, 0x1a,
    0x03, 0x9d, 0x08, 0x28, 0x03, 0xa5, 0x08, 0xe0, 0x02, 0xa7, 0x08, 0xe2,
    0x02, 0xa9, 0x08, 0xe4, 0x02, 0xd7, 0x07, 0xe6, 0x02, 0x44, 0x07, 0x02,
    0x03, 0x0c, 0x06, 0x00, 0x1e, 0x1d, 0x03, 0x2b, 0x1c, 0x0f, 0x0c, 0x06,
    0x01, 0x1e, 0x1d, 0x03, 0x2b, 0x1c, 0x06, 0x06, 0x02, 0x2b, 0x3d, 0x14,
    0x02, 0x3b, 0x0c, 0x06, 0x00, 0x1e, 0x1d, 0x05, 0x0b, 0x0d, 0x3e, 0x03,
    0x02, 0x0c, 0x06, 0x04, 0x1e, 0x1d, 0x04, 0x0b, 0x3e, 0x05, 0x01, 0x0c,
    0x06, 0x01, 0x1e, 0x1d, 0x2f, 0x0b, 0x3c, 0x06, 0x01, 0x3c, 0x07, 0x01,
    0x35, 0x3a, 0x03, 0x39, 0x03, 0x01, 0x00, 0x13, 0x1d, 0x0c, 0x39, 0x03,
    0x01, 0x01, 0x0e, 0x01, 0x01, 0x3c, 0x08, 0x02, 0x1c, 0x06, 0x06, 0x02,
    0x2b, 0x3d, 0x14, 0x02, 0x3b, 0x0b, 0x0b, 0x3c, 0x06, 0x01, 0x3c, 0x09,
    0x01, 0x3e, 0x0a, 0x02, 0x0c, 0x06, 0x0b, 0x1e, 0x1d, 0x04, 0x0b, 0x3e,
    0x0c, 0x01, 0x0c, 0x06, 0x0d, 0x1e, 0x1d, 0x0b, 0x0b, 0x0b, 0x3c, 0x06,
    0x01, 0x3c, 0x0e, 0x01, 0x3e, 0x0a, 0x02, 0x0c, 0x06, 0x0f, 0x1e, 0x1d,
    0x0b, 0x0b, 0x0b, 0x3c, 0x06, 0x01, 0x3c, 0x10, 0x01, 0x3e, 0x0a, 0x02,
    0x0c, 0x06, 0x11, 0x1e, 0x1d, 0x0b, 0x0b, 0x0b, 0x3c, 0x06, 0x01, 0x3c,
    0x12, 0x01, 0x3e, 0x0a, 0x02, 0x0c, 0x06, 0x13, 0x1e, 0x1d, 0x0b, 0x0b,
    0x0b, 0x3c, 0x06, 0x01, 0x3c, 0x14, 0x01, 0x3e, 0x0a, 0x02, 0x06, 0x15,
    0x0b, 0x0c, 0x0d, 0x3e, 0x16, 0x04, 0xb5, 0x01, 0x02, 0x02, 0x40, 0x00,
    0x09, 0xfc, 0x02, 0xa6, 0x03, 0xac, 0x03, 0xdd, 0x07, 0xa0, 0x07, 0xa2,
    0x07, 0x92, 0x02, 0xaa, 0x03, 0x08, 0x03, 0x0b, 0x3c, 0x00, 0x01, 0x3c,
    0x01, 0x01, 0x3b, 0x06, 0x02, 0x3d, 0x13, 0x01, 0x3a, 0x01, 0x0b, 0x06,
    0x03, 0x06, 0x04, 0x06, 0x05, 0x39, 0x01, 0x35, 0x1d, 0x07, 0x39, 0x01,
    0x35, 0x34, 0x34, 0x1c, 0x11, 0x39, 0x01, 0x1d, 0x06, 0x39, 0x01, 0x34,
    0x34, 0x1c, 0x07, 0x0b, 0x3c, 0x00, 0x01, 0x3c, 0x06, 0x01, 0x39, 0x01,
    0x3a, 0x02, 0x39, 0x02, 0x2b, 0x3c, 0x07, 0x02, 0x3e, 0x08, 0x06, 0xb5,
    0x02, 0x00, 0x02, 0x0d, 0x00, 0x01, 0x30, 0x03, 0x0b, 0x1d, 0x08, 0x0b,
    0x35, 0x0b, 0x34, 0x35, 0x3e, 0x00, 0x02, 0x0c, 0x05, 0xb5, 0x07, 0x00,
    0x02, 0x4a, 0x00, 0x03, 0x16, 0x01, 0xae, 0x02, 0x32, 0x03, 0x0d, 0x1d,
    0x45, 0x0b, 0x0d, 0x34, 0x34, 0x3c, 0x00, 0x02, 0x1d, 0x29, 0x38, 0x05,
    0x1d, 0x0e, 0x0d, 0x35, 0x1d, 0x06, 0x0d, 0x35, 0x34, 0x35, 0x1c, 0x02,
    0x38, 0x04, 0x1c, 0x0a, 0x38, 0x03, 0x1d, 0x04, 0x38, 0x03, 0x1c, 0x02,
    0x38, 0x04, 0x38, 0x06, 0x0b, 0x0c, 0x33, 0x0d, 0x35, 0x33, 0x3c, 0x01,
    0x02, 0x33, 0x05, 0x0b, 0x0c, 0x0d, 0x35, 0x0d, 0x34, 0x35, 0x38, 0x04,
    0x38, 0x05, 0x0d, 0x34, 0x38, 0x06, 0x33, 0x3e, 0x02, 0x07, 0x2b, 0x05,
    0xb5, 0x02, 0x0d, 0x02, 0xb7, 0x00, 0x0b, 0xfc, 0x02, 0x9a, 0x02, 0x96,
    0x02, 0x08, 0x00, 0xac, 0x03, 0x92, 0x02, 0x30, 0x03, 0x32, 0x03, 0x1a,
    0x03, 0xb4, 0x07, 0x04, 0x03, 0x0b, 0x3c, 0x00, 0x01, 0x3a, 0x02, 0x39,
    0x02, 0x3a, 0x04, 0x39, 0x04, 0x3c, 0x01, 0x01, 0x1d, 0x48, 0x39, 0x04,
    0x35, 0x3a, 0x05, 0x39, 0x05, 0x35, 0x3a, 0x06, 0x39, 0x06, 0x35, 0x3a,
    0x07, 0x39, 0x07, 0x35, 0x3a, 0x08, 0x39, 0x08, 0x35, 0x3a, 0x09, 0x39,
    0x09, 0x35, 0x3a, 0x0a, 0x39, 0x0a, 0x35, 0x3a, 0x0b, 0x39, 0x0b, 0x35,
    0x3a, 0x0c, 0x39, 0x04, 0x34, 0x39, 0x05, 0x34, 0x39, 0x04, 0x3c, 0x02,
    0x01, 0x39, 0x07, 0x34, 0x39, 0x08, 0x34, 0x39, 0x09, 0x34, 0x39, 0x0a,
    0x34, 0x2b, 0x39, 0x0c, 0x34, 0x3c, 0x03, 0x09, 0x1c, 0x02, 0x39, 0x04,
    0x3a, 0x03, 0x06, 0x04, 0x3d, 0x13, 0x01, 0x3a, 0x0d, 0x39, 0x0d, 0x1d,
    0x20, 0x39, 0x03, 0x3c, 0x05, 0x01, 0x39, 0x03, 0x39, 0x0d, 0x2b, 0x0c,
    0x1d, 0x06, 0x39, 0x0d, 0x34, 0x35, 0x1c, 0x06, 0x39, 0x0d, 0x2b, 0x3c,
    0x06, 0x02, 0x0c, 0x2b, 0x3c, 0x07, 0x07, 0x1c, 0x01, 0x2b, 0x3a, 0x0e,
    0x39, 0x0e, 0x1d, 0x15, 0x06, 0x04, 0x39, 0x0e, 0x35, 0x3d, 0x14, 0x02,
    0x3b, 0x0b, 0x39, 0x0e, 0x34, 0x3c, 0x08, 0x02, 0x06, 0x09, 0x3e, 0x0a,
    0x02, 0x06, 0x04, 0x39, 0x03, 0x3c, 0x05, 0x01, 0x39, 0x03, 0x33, 0x39,
    0x0d, 0x33, 0x3d, 0x14, 0x02, 0x3b, 0x0b, 0x05, 0xb5, 0x01, 0x00, 0x02,
    0x14, 0x00, 0x08, 0xe1, 0x07, 0xd2, 0x07, 0xd4, 0x07, 0xe0, 0x07, 0xd4,
    0x03, 0xcc, 0x03, 0xd4, 0x00, 0x08, 0x03, 0x0b, 0x06, 0x00, 0x06, 0x01,
    0x06, 0x02, 0x06, 0x03, 0x06, 0x04, 0x3c, 0x05, 0x00, 0x3c, 0x06, 0x02,
    0x3e, 0x07, 0x06, 0xb5, 0x02, 0x00, 0x02, 0x42, 0x00, 0x0e, 0xe9, 0x07,
    0xf8, 0x07, 0xfa, 0x07, 0x08, 0x03, 0xed, 0x07, 0xfc, 0x02, 0xa6, 0x03,
    0x92, 0x02, 0xde, 0x03, 0x10, 0x08, 0x04, 0x03, 0xce, 0x03, 0x12, 0x08,
    0x02, 0x03, 0x0c, 0x06, 0x00, 0x1e, 0x1d, 0x0d, 0x0b, 0x06, 0x00, 0x06,
    0x01, 0x06, 0x02, 0x06, 0x02, 0x2b, 0x3e, 0x03, 0x06, 0x0c, 0x06, 0x04,
    0x1e, 0x1d, 0x21, 0x0b, 0x3c, 0x05, 0x01, 0x3c, 0x06, 0x01, 0x3b, 0x0b,
    0x3c, 0x05, 0x01, 0x3c, 0x07, 0x01, 0x3c, 0x08, 0x01, 0x1d, 0x06, 0x0b,
    0x06, 0x09, 0x3e, 0x0a, 0x02, 0x0b, 0x3c, 0x0b, 0x00, 0x3e, 0x0a, 0x02,
    0x06, 0x0c, 0x0b, 0x0c, 0x2b, 0x3e, 0x0d, 0x04, 0xb5, 0x01, 0x00, 0x02,
    0x17, 0x00, 0x08, 0x2a, 0x08, 0xd2, 0x03, 0xcc, 0x03, 0xd4, 0x00, 0x90,
    0x02, 0x1a, 0x03, 0x3a, 0x08, 0x04, 0x03, 0x0b, 0x06, 0x00, 0x06, 0x01,
    0x3c, 0x02, 0x00, 0x35, 0x3c, 0x03, 0x02, 0x3c, 0x04, 0x02, 0x3c, 0x05,
    0x02, 0x06, 0x06, 0x3e, 0x07, 0x02, 0xb5, 0x04, 0x00, 0x02, 0x27, 0x00,
    0x02, 0x2c, 0x03, 0x2a, 0x03, 0x38, 0x03, 0x01, 0x01, 0x1e, 0x1d, 0x06,
    0x0b, 0x0c, 0x0d, 0x3e, 0x00, 0x03, 0x38, 0x03, 0x01, 0x02, 0x1e, 0x1d,
    0x05, 0x0b, 0x2b, 0x3e, 0x01, 0x02, 0x38, 0x03, 0x01, 0x03, 0x1e, 0x1d,
    0x05, 0x0b, 0x2c, 0x3e, 0x01, 0x02, 0x0b, 0x05, 0xb5, 0x02, 0x00, 0x02,
    0x34, 0x00, 0x05, 0xe2, 0x03, 0xea, 0x03, 0xec, 0x03, 0x2e, 0x03, 0x3a,
    0x03, 0x0c, 0x01, 0x04, 0x1e, 0x1d, 0x04, 0x0b, 0x3e, 0x00, 0x01, 0x0c,
    0x01, 0x05, 0x1e, 0x1d, 0x04, 0x0b, 0x3e, 0x01, 0x01, 0x0c, 0x01, 0x06,
    0x1e, 0x1d, 0x04, 0x0b, 0x3e, 0x02, 0x01, 0x0c, 0x01, 0x07, 0x1e, 0x1d,
    0x04, 0x0b, 0x3e, 0x03, 0x01, 0x0c, 0x01, 0x08, 0x1e, 0x1d, 0x04, 0x0b,
    0x3e, 0x04, 0x01, 0x0b, 0x05, 0xb5, 0x03, 0x00, 0x02, 0x39, 0x00, 0x05,
    0x36, 0x03, 0x34, 0x03, 0x38, 0x03, 0xef, 0x07, 0x04, 0x03, 0x0d, 0x01,
    0x09, 0x1e, 0x1d, 0x04, 0x0b, 0x3e, 0x00, 0x01, 0x0d, 0x01, 0x0a, 0x1e,
    0x1d, 0x05, 0x0b, 0x2c, 0x3e, 0x01, 0x02, 0x0d, 0x01, 0x0b, 0x1e, 0x1d,
    0x05, 0x0b, 0x2b, 0x3e, 0x01, 0x02, 0x0d, 0x01, 0x0c, 0x1e, 0x1d, 0x05,
    0x0b, 0x0c, 0x3e, 0x02, 0x02, 0x0d, 0x01, 0x0d, 0x1e, 0x1d, 0x06, 0x0b,
    0x06, 0x03, 0x3e, 0x04, 0x02, 0x0b, 0x05, 0xb5, 0x03, 0x01, 0x02, 0x30,
    0x00, 0x04, 0xf0, 0x02, 0x3c, 0x03, 0x3e, 0x03, 0x40, 0x03, 0x0c, 0x1d,
    0x2b, 0x0c, 0x3c, 0x00, 0x01, 0x3a, 0x03, 0x39, 0x03, 0x01, 0x03, 0x13,
    0x2a, 0x1d, 0x08, 0x0b, 0x0c, 0x0d, 0x39, 0x03, 0x3e, 0x01, 0x04, 0x39,
    0x03, 0x01, 0x08, 0x13, 0x2a, 0x1d, 0x06, 0x0b, 0x39, 0x03, 0x3e, 0x02,
    0x02, 0x0b, 0x0c, 0x39, 0x03, 0x3e, 0x03, 0x03, 0x0b, 0x05, 0xb5, 0x02,
    0x00, 0x02, 0x16, 0x00, 0x04, 0xdb, 0x07, 0x0e, 0x03, 0xf8, 0x02, 0x42,
    0x03, 0x0b, 0x35, 0x34, 0x06, 0x00, 0x1e, 0x1d, 0x05, 0x0b, 0x0c, 0x3e,
    0x01, 0x02, 0x0b, 0x0c, 0x3c, 0x02, 0x01, 0x0c, 0x3e, 0x03, 0x03, 0xb5,
    0x01, 0x00, 0x02, 0x10, 0x00, 0x02, 0x92, 0x02, 0x4c, 0x08, 0x0b, 0x3c,
    0x00, 0x01, 0x3d, 0x00, 0x01, 0x1d, 0x04, 0x0b, 0x3e, 0x00, 0x01, 0x06,
    0x01, 0x05, 0xb5, 0x02, 0x0b, 0x02, 0xd4, 0x00, 0x0d, 0x5e, 0x08, 0xdb,
    0x07, 0x44, 0x03, 0x24, 0x01, 0x62, 0x08, 0x66, 0x08, 0x6e, 0x08, 0x74,
    0x08, 0x76, 0x08, 0x7a, 0x08, 0x80, 0x08, 0x0a, 0x02, 0x8a, 0x08, 0x0b,
    0x34, 0x3a, 0x02, 0x0b, 0x35, 0x34, 0x3a, 0x03, 0x0b, 0x35, 0x35, 0x35,
    0x35, 0x35, 0x35, 0x35, 0x34, 0x3a, 0x04, 0x39, 0x02, 0x34, 0x3a, 0x05,
    0x39, 0x02, 0x35, 0x35, 0x35, 0x34, 0x3a, 0x06, 0x39, 0x02, 0x35, 0x35,
    0x35, 0x35, 0x35, 0x34, 0x3a, 0x07, 0x39, 0x05, 0x3d, 0x00, 0x01, 0x1d,
    0x04, 0x39, 0x05, 0x1c, 0x02, 0x06, 0x00, 0x3a, 0x08, 0x39, 0x03, 0x06,
    0x01, 0x1e, 0x1d, 0x4b, 0x06, 0x02, 0x3d, 0x13, 0x01, 0x3a, 0x09, 0x39,
    0x09, 0x35, 0x34, 0x3a, 0x0a, 0x39, 0x09, 0x35, 0x35, 0x34, 0x3a, 0x0b,
    0x39, 0x09, 0x35, 0x35, 0x35, 0x34, 0x3a, 0x0c, 0x39, 0x0b, 0x3d, 0x03,
    0x01, 0x01, 0x00, 0x13, 0x1d, 0x07, 0x39, 0x0a, 0x39, 0x0b, 0x3e, 0x03,
    0x02, 0x39, 0x0c, 0x3d, 0x03, 0x01, 0x01, 0x00, 0x13, 0x1d, 0x11, 0x39,
    0x0a, 0x06, 0x04, 0x39, 0x0c, 0x06, 0x05, 0x3c, 0x03, 0x02, 0x3c, 0x03,
    0x02, 0x3e, 0x03, 0x02, 0x39, 0x0a, 0x05, 0x39, 0x03, 0x1d, 0x24, 0x06,
    0x06, 0x39, 0x08, 0x39, 0x07, 0x1d, 0x04, 0x06, 0x07, 0x1c, 0x02, 0x06,
    0x08, 0x06, 0x09, 0x39, 0x03, 0x06, 0x0a, 0x39, 0x06, 0x34, 0x01, 0x01,
    0x02, 0x3c, 0x0b, 0x01, 0x06, 0x0c, 0x39, 0x04, 0x3e, 0x03, 0x09, 0x06,
    0x06, 0x39, 0x08, 0x39, 0x07, 0x1d, 0x04, 0x06, 0x07, 0x1c, 0x02, 0x06,
    0x08, 0x06, 0x0a, 0x39, 0x06, 0x34, 0x01, 0x01, 0x02, 0x3c, 0x0b, 0x01,
    0x06, 0x0c, 0x39, 0x04, 0x3e, 0x03, 0x07, 0xb5, 0x02, 0x00, 0x02, 0x14,
    0x00, 0x02, 0xbe, 0x02, 0x4a, 0x03, 0x0b, 0x01, 0x00, 0x13, 0x1d, 0x0c,
    0x0b, 0x01, 0x01, 0x0e, 0x3c, 0x00, 0x00, 0x0c, 0x33, 0x3e, 0x01, 0x02,
    0x0c, 0x05, 0xb5, 0x01, 0x00, 0x02, 0x05, 0x00, 0x01, 0x4a, 0x03, 0x0b,
    0x2b, 0x3e, 0x00, 0x02, 0xb5, 0x02, 0x00, 0x02, 0x11, 0x00, 0x01, 0x2a,
    0x01, 0x0b, 0x3d, 0x03, 0x01, 0x0c, 0x13, 0x1d, 0x07, 0x0b, 0x01, 0x00,
    0x0c, 0x3e, 0x00, 0x03, 0x0b, 0x05, 0xb5, 0x03, 0x00, 0x02, 0x15, 0x00,
    0x03, 0x4e, 0x03, 0x50, 0x03, 0x9a, 0x00, 0x0b, 0x1d, 0x0e, 0x0b, 0x35,
    0x0c, 0x0b, 0x34, 0x0c, 0x3c, 0x00, 0x02, 0x0d, 0x33, 0x3e, 0x01, 0x03,
    0x0d, 0x3e, 0x02, 0x01, 0xb5, 0x04, 0x03, 0x02, 0x44, 0x00, 0x09, 0x00,
    0x03, 0xb8, 0x02, 0x50, 0x03, 0x90, 0x00, 0x4c, 0x03, 0x48, 0x03, 0x4e,
    0x03, 0x08, 0x00, 0x8c, 0x00, 0x38, 0x03, 0x01, 0x00, 0x13, 0x1d, 0x3b,
    0x38, 0x03, 0x01, 0x01, 0x0e, 0x3a, 0x04, 0x0b, 0x3c, 0x00, 0x01, 0x3a,
    0x05, 0x0c, 0x39, 0x05, 0x39, 0x05, 0x39, 0x04, 0x02, 0x3c, 0x01, 0x03,
    0x3a, 0x06, 0x39, 0x06, 0x0d, 0x2b, 0x3c, 0x02, 0x03, 0x39, 0x04, 0x39,
    0x06, 0x3c, 0x03, 0x01, 0x0e, 0x3c, 0x04, 0x01, 0x0b, 0x0d, 0x3c, 0x05,
    0x02, 0x0d, 0x3c, 0x06, 0x02, 0x3c, 0x07, 0x01, 0x3e, 0x08, 0x03, 0x2b,
    0x05, 0xb5, 0x04, 0x00, 0x02, 0x22, 0x00, 0x02, 0x4e, 0x03, 0x54, 0x03,
    0x0b, 0x1d, 0x06, 0x0c, 0x01, 0x00, 0x13, 0x1c, 0x01, 0x2b, 0x1d, 0x13,
    0x0b, 0x35, 0x0c, 0x01, 0x01, 0x0e, 0x0d, 0x0b, 0x34, 0x0d, 0x3c, 0x00,
    0x02, 0x38, 0x03, 0x33, 0x3e, 0x01, 0x04, 0x38, 0x03, 0x05, 0xb5, 0x02,
    0x00, 0x02, 0x14, 0x00, 0x02, 0xbe, 0x02, 0x56, 0x03, 0x0b, 0x01, 0x00,
    0x13, 0x1d, 0x0c, 0x0b, 0x01, 0x01, 0x0e, 0x3c, 0x00, 0x00, 0x0c, 0x33,
    0x3e, 0x01, 0x02, 0x0c, 0x05, 0xb5, 0x01, 0x00, 0x02, 0x0b, 0x00, 0x01,
    0x58, 0x03, 0x0b, 0x35, 0x1d, 0x05, 0x0b, 0x35, 0x3e, 0x00, 0x01, 0x0b,
    0x05, 0xb5, 0x04, 0x06, 0x02, 0x58, 0x00, 0x08, 0x00, 0x03, 0xb4, 0x02,
    0x54, 0x03, 0x90, 0x00, 0x56, 0x03, 0xbe, 0x02, 0x08, 0x00, 0x58, 0x03,
    0x38, 0x03, 0x01, 0x00, 0x13, 0x1d, 0x4f, 0x38, 0x03, 0x01, 0x01, 0x0e,
    0x3a, 0x04, 0x0b, 0x3c, 0x00, 0x01, 0x3a, 0x05, 0x0c, 0x39, 0x05, 0x3c,
    0x01, 0x02, 0x39, 0x04, 0x0d, 0x2b, 0x3c, 0x02, 0x04, 0x3a, 0x06, 0x39,
    0x04, 0x39, 0x06, 0x3c, 0x03, 0x01, 0x0e, 0x39, 0x06, 0x3c, 0x04, 0x02,
    0x3a, 0x07, 0x39, 0x07, 0x3d, 0x17, 0x01, 0x3a, 0x08, 0x3c, 0x05, 0x00,
    0x3c, 0x06, 0x01, 0x3a, 0x09, 0x39, 0x08, 0x1d, 0x0e, 0x39, 0x08, 0x3c,
    0x07, 0x01, 0x39, 0x09, 0x3d, 0x19, 0x02, 0x3b, 0x39, 0x08, 0x05, 0x39,
    0x09, 0x05, 0x2b, 0x05, 0xb5, 0x02, 0x03, 0x02, 0x3a, 0x00, 0x04, 0xdb,
    0x07, 0xfc, 0x02, 0x98, 0x02, 0x00, 0x03, 0x0b, 0x35, 0x34, 0x06, 0x00,
    0x1e, 0x1d, 0x02, 0x2b, 0x05, 0x0b, 0x3c, 0x01, 0x01, 0x3a, 0x02, 0x39,
    0x02, 0x3c, 0x02, 0x01, 0x3a, 0x03, 0x39, 0x03, 0x34, 0x0b, 0x3c, 0x03,
    0x01, 0x0e, 0x3a, 0x04, 0x39, 0x04, 0x01, 0x00, 0x12, 0x2a, 0x1d, 0x09,
    0x39, 0x04, 0x0c, 0x01, 0x01, 0x0e, 0x12, 0x1c, 0x01, 0x2b, 0x1d, 0x03,
    0x39, 0x04, 0x05, 0x2b, 0x05, 0xb5, 0x06, 0x02, 0x02, 0x5d, 0x00, 0x02,
    0x5e, 0x03, 0x9a, 0x00, 0x0c, 0x1d, 0x55, 0x0b, 0x1d, 0x04, 0x0b, 0x35,
    0x1c, 0x01, 0x2b, 0x0c, 0x35, 0x0d, 0x01, 0x01, 0x02, 0x38, 0x03, 0x38,
    0x04, 0x38, 0x03, 0x1d, 0x06, 0x0d, 0x38, 0x03, 0x1e, 0x1c, 0x01, 0x2b,
    0x3a, 0x06, 0x39, 0x06, 0x1d, 0x04, 0x39, 0x06, 0x1c, 0x21, 0x38, 0x04,
    0x1d, 0x06, 0x0d, 0x38, 0x04, 0x1e, 0x1c, 0x01, 0x2b, 0x3a, 0x07, 0x39,
    0x07, 0x1d, 0x04, 0x39, 0x07, 0x1c, 0x0c, 0x0b, 0x1d, 0x08, 0x0b, 0x34,
    0x0c, 0x34, 0x1e, 0x2a, 0x1c, 0x01, 0x2c, 0x1d, 0x06, 0x0d, 0x38, 0x05,
    0x33, 0x1c, 0x02, 0x38, 0x05, 0x3e, 0x00, 0x06, 0x38, 0x05, 0x3e, 0x01,
    0x01, 0xb5, 0x04, 0x00, 0x02, 0x0b, 0x00, 0x01, 0x5e, 0x03, 0x0b, 0x0c,
    0x01, 0x00, 0x0d, 0x38, 0x03, 0x2b, 0x3e, 0x00, 0x06, 0xb5, 0x04, 0x00,
    0x02, 0x1b, 0x00, 0x01, 0x62, 0x03, 0x0b, 0x1d, 0x16, 0x0c, 0x0d, 0x0b,
    0x34, 0x38, 0x03, 0x3d, 0x0b, 0x04, 0x3b, 0x0b, 0x35, 0x0c, 0x01, 0x01,
    0x02, 0x0d, 0x38, 0x03, 0x3e, 0x00, 0x04, 0x2b, 0x05, 0xb5, 0x05, 0x00,
    0x02, 0x22, 0x00, 0x01, 0x64, 0x03, 0x0c, 0x38, 0x04, 0x12, 0x1d, 0x1a,
    0x0c, 0x0d, 0x0b, 0x0c, 0x3d, 0x04, 0x02, 0x38, 0x03, 0x3d, 0x0b, 0x04,
    0x3b, 0x0b, 0x0c, 0x01, 0x01, 0x02, 0x0d, 0x38, 0x03, 0x38, 0x04, 0x3e,
    0x00, 0x05, 0x2b, 0x05, 0xb5, 0x06, 0x00, 0x02, 0x28, 0x00, 0x01, 0x66,
    0x03, 0x0c, 0x38, 0x05, 0x12, 0x1d, 0x20, 0x0d, 0x38, 0x03, 0x0b, 0x0c,
    0x3d, 0x04, 0x02, 0x38, 0x04, 0x3d, 0x0b, 0x04, 0x3b, 0x0b, 0x0c, 0x01,
    0x01, 0x02, 0x0d, 0x01, 0x01, 0x02, 0x38, 0x03, 0x38, 0x04, 0x38, 0x05,
    0x3e, 0x00, 0x06, 0x2b, 0x05, 0xb5, 0x04, 0x00, 0x02, 0x1c, 0x00, 0x01,
    0x68, 0x03, 0x0b, 0x0c, 0x12, 0x1d, 0x15, 0x0b, 0x0d, 0x01, 0x20, 0x38,
    0x03, 0x3d, 0x0b, 0x04, 0x3b, 0x0b, 0x01, 0x01, 0x02, 0x0c, 0x0d, 0x38,
    0x03, 0x3e, 0x00, 0x04, 0x2b, 0x05, 0xb5, 0x04, 0x00, 0x02, 0x2b, 0x00,
    0x03, 0x54, 0x00, 0x64, 0x03, 0x68, 0x03, 0x3c, 0x00, 0x00, 0x1d, 0x0d,
    0x01, 0x00, 0x0c, 0x0b, 0x38, 0x03, 0x01, 0x40, 0x02, 0x3d, 0x0c, 0x04,
    0x05, 0x0b, 0x01, 0x00, 0x0c, 0x38, 0x03, 0x0b, 0x3d, 0x03, 0x01, 0x3c,
    0x01, 0x05, 0x3b, 0x0b, 0x3d, 0x03, 0x01, 0x0d, 0x0c, 0x38, 0x03, 0x3e,
    0x02, 0x04, 0xb5, 0x06, 0x05, 0x02, 0x5d, 0x00, 0x02, 0x6a, 0x03, 0x6c,
    0x03, 0x0b, 0x1d, 0x58, 0x0c, 0x1d, 0x06, 0x0d, 0x0c, 0x34, 0x1e, 0x1c,
    0x01, 0x2b, 0x3a, 0x06, 0x39, 0x06, 0x1d, 0x2e, 0x0d, 0x38, 0x05, 0x12,
    0x1d, 0x1c, 0x0b, 0x34, 0x3a, 0x07, 0x0d, 0x3a, 0x08, 0x38, 0x03, 0x3a,
    0x09, 0x38, 0x04, 0x3a, 0x0a, 0x39, 0x07, 0x39, 0x08, 0x39, 0x09, 0x01,
    0x01, 0x3c, 0x00, 0x04, 0x1c, 0x0a, 0x0b, 0x34, 0x0d, 0x38, 0x03, 0x38,
    0x04, 0x3c, 0x00, 0x04, 0x1c, 0x01, 0x2b, 0x3b, 0x0b, 0x35, 0x39, 0x06,
    0x1d, 0x04, 0x0c, 0x35, 0x1c, 0x01, 0x0c, 0x0d, 0x01, 0x01, 0x02, 0x38,
    0x03, 0x38, 0x04, 0x38, 0x05, 0x3e, 0x01, 0x06, 0x2b, 0x05, 0xb5, 0x02,
    0x00, 0x02, 0x11, 0x00, 0x01, 0x6e, 0x03, 0x0c, 0x01, 0x00, 0x13, 0x1d,
    0x09, 0x0b, 0x35, 0x0c, 0x01, 0x01, 0x0e, 0x3e, 0x00, 0x02, 0x0b, 0x05,
    0xb5, 0x01, 0x06, 0x02, 0x63, 0x00, 0x01, 0x48, 0x03, 0x0b, 0x34, 0x3a,
    0x01, 0x06, 0x00, 0x3d, 0x39, 0x01, 0x1d, 0x07, 0x06, 0x00, 0x3d, 0x13,
    0x01, 0x1c, 0x01, 0x2b, 0x3a, 0x02, 0x39, 0x01, 0x34, 0x3a, 0x03, 0x39,
    0x01, 0x35, 0x35, 0x35, 0x34, 0x34, 0x3a, 0x04, 0x39, 0x01, 0x35, 0x35,
    0x35, 0x35, 0x35, 0x34, 0x3a, 0x05, 0x0b, 0x35, 0x34, 0x3a, 0x06, 0x39,
    0x02, 0x1d, 0x2b, 0x39, 0x03, 0x39, 0x02, 0x34, 0x1e, 0x1d, 0x21, 0x39,
    0x05, 0x39, 0x02, 0x35, 0x34, 0x1e, 0x1d, 0x16, 0x39, 0x06, 0x39, 0x02,
    0x35, 0x35, 0x34, 0x1e, 0x1d, 0x0a, 0x39, 0x04, 0x39, 0x02, 0x35, 0x35,
    0x35, 0x34, 0x1e, 0x05, 0x2b, 0x05, 0x2b, 0x05, 0x2b, 0x05, 0x2b, 0x05,
    0xb5, 0x02, 0x00, 0x02, 0x05, 0x00, 0x01, 0x48, 0x03, 0x0b, 0x0c, 0x3e,
    0x00, 0x02, 0xb5, 0x03, 0x00, 0x02, 0x16, 0x00, 0x01, 0x66, 0x03, 0x0b,
    0x01, 0x00, 0x0c, 0x0d, 0x01, 0x07, 0x0b, 0x3d, 0x03, 0x01, 0x3c, 0x00,
    0x06, 0x3b, 0x0c, 0x0b, 0x3d, 0x03, 0x01, 0x02, 0x05, 0xb5, 0x03, 0x03,
    0x02, 0x2f, 0x00, 0x04, 0xbc, 0x08, 0xc4, 0x08, 0x74, 0x03, 0xca, 0x08,
    0x0b, 0x3d, 0x00, 0x01, 0x1d, 0x03, 0x0b, 0x1c, 0x02, 0x06, 0x00, 0x3a,
    0x03, 0x06, 0x01, 0x01, 0x00, 0x0d, 0x3c, 0x02, 0x03, 0x3a, 0x04, 0x39,
    0x03, 0x39, 0x04, 0x0d, 0x3c, 0x02, 0x03, 0x3a, 0x05, 0x0c, 0x1d, 0x08,
    0x06, 0x03, 0x39, 0x05, 0x0d, 0x3e, 0x02, 0x03, 0x39, 0x05, 0x05, 0xb5,
    0x04, 0x02, 0x02, 0x1e, 0x00, 0x03, 0xd4, 0x08, 0x74, 0x03, 0x68, 0x03,
    0x06, 0x00, 0x0c, 0x38, 0x03, 0x3c, 0x01, 0x03, 0x3a, 0x04, 0x0b, 0x39,
    0x04, 0x38, 0x03, 0x3c, 0x01, 0x03, 0x3a, 0x05, 0x39, 0x05, 0x0d, 0x38,
    0x03, 0x01, 0x07, 0x3e, 0x02, 0x04, 0xb5, 0x06, 0x03, 0x02, 0x30, 0x00,
    0x05, 0x76, 0x03, 0xda, 0x08, 0x74, 0x03, 0x0a, 0x02, 0x78, 0x03, 0x0b,
    0x0c, 0x38, 0x05, 0x3c, 0x00, 0x03, 0x3a, 0x06, 0x06, 0x01, 0x39, 0x06,
    0x38, 0x05, 0x3c, 0x02, 0x03, 0x3a, 0x07, 0x0d, 0x34, 0x01, 0x01, 0x02,
    0x3c, 0x03, 0x01, 0x39, 0x07, 0x38, 0x05, 0x3c, 0x02, 0x03, 0x3a, 0x08,
    0x38, 0x03, 0x39, 0x08, 0x38, 0x04, 0x38, 0x05, 0x3e, 0x04, 0x04, 0xb5,
    0x07, 0x05, 0x02, 0x46, 0x00, 0x06, 0x76, 0x03, 0xde, 0x08, 0x74, 0x03,
    0xe4, 0x08, 0x0a, 0x02, 0x78, 0x03, 0x0b, 0x0c, 0x38, 0x06, 0x3c, 0x00,
    0x03, 0x3a, 0x07, 0x06, 0x01, 0x39, 0x07, 0x38, 0x06, 0x3c, 0x02, 0x03,
    0x3a, 0x08, 0x0d, 0x39, 0x08, 0x38, 0x06, 0x3c, 0x02, 0x03, 0x3a, 0x09,
    0x06, 0x03, 0x39, 0x09, 0x38, 0x06, 0x3c, 0x02, 0x03, 0x3a, 0x0a, 0x38,
    0x03, 0x34, 0x01, 0x01, 0x02, 0x3c, 0x04, 0x01, 0x39, 0x0a, 0x38, 0x06,
    0x3c, 0x02, 0x03, 0x3a, 0x0b, 0x38, 0x04, 0x39, 0x0b, 0x38, 0x05, 0x38,
    0x06, 0x3e, 0x05, 0x04, 0xb5, 0x05, 0x07, 0x02, 0x75, 0x00, 0x08, 0x76,
    0x03, 0xf0, 0x08, 0x74, 0x03, 0x44, 0x03, 0x24, 0x01, 0xf4, 0x08, 0xf8,
    0x08, 0x78, 0x03, 0x0b, 0x0c, 0x38, 0x04, 0x3c, 0x00, 0x03, 0x3a, 0x05,
    0x06, 0x01, 0x39, 0x05, 0x38, 0x04, 0x3c, 0x02, 0x03, 0x3a, 0x06, 0x06,
    0x03, 0x3d, 0x13, 0x01, 0x3a, 0x08, 0x39, 0x08, 0x35, 0x34, 0x3a, 0x09,
    0x39, 0x08, 0x35, 0x35, 0x34, 0x3a, 0x0a, 0x39, 0x08, 0x35, 0x35, 0x35,
    0x34, 0x3a, 0x0b, 0x39, 0x0a, 0x3d, 0x03, 0x01, 0x01, 0x00, 0x13, 0x1d,
    0x09, 0x39, 0x09, 0x39, 0x0a, 0x3c, 0x04, 0x02, 0x1c, 0x1f, 0x39, 0x0b,
    0x3d, 0x03, 0x01, 0x01, 0x00, 0x13, 0x1d, 0x13, 0x39, 0x09, 0x06, 0x05,
    0x39, 0x0b, 0x06, 0x06, 0x3c, 0x04, 0x02, 0x3c, 0x04, 0x02, 0x3c, 0x04,
    0x02, 0x1c, 0x02, 0x39, 0x09, 0x39, 0x06, 0x38, 0x04, 0x3c, 0x02, 0x03,
    0x3a, 0x07, 0x0d, 0x39, 0x07, 0x38, 0x03, 0x38, 0x04, 0x3e, 0x07, 0x04,
    0xb5, 0x03, 0x06, 0x02, 0x5d, 0x00, 0x04, 0xdb, 0x07, 0x7e, 0x03, 0x7c,
    0x03, 0x7a, 0x03, 0x0b, 0x34, 0x3a, 0x03, 0x0b, 0x35, 0x34, 0x3a, 0x04,
    0x0b, 0x35, 0x35, 0x35, 0x35, 0x35, 0x35, 0x35, 0x34, 0x3a, 0x05, 0x39,
    0x03, 0x34, 0x3a, 0x06, 0x39, 0x03, 0x35, 0x35, 0x35, 0x34, 0x3a, 0x07,
    0x39, 0x03, 0x35, 0x35, 0x35, 0x35, 0x35, 0x34, 0x3a, 0x08, 0x39, 0x04,
    0x06, 0x00, 0x1e, 0x1d, 0x0b, 0x39, 0x06, 0x39, 0x08, 0x39, 0x05, 0x0c,
    0x0d, 0x3e, 0x01, 0x05, 0x39, 0x04, 0x1d, 0x0f, 0x39, 0x06, 0x39, 0x08,
    0x39, 0x04, 0x39, 0x07, 0x39, 0x05, 0x0c, 0x0d, 0x3e, 0x02, 0x07, 0x39,
    0x06, 0x39, 0x08, 0x39, 0x07, 0x39, 0x05, 0x0c, 0x0d, 0x3e, 0x03, 0x06,
    0xb5, 0x03, 0x05, 0x02, 0x40, 0x00, 0x04, 0x70, 0x03, 0x48, 0x03, 0x08,
    0x00, 0x80, 0x03, 0x0b, 0x3c, 0x00, 0x01, 0x1d, 0x02, 0x2b, 0x05, 0x0b,
    0x34, 0x3a, 0x03, 0x39, 0x03, 0x34, 0x3a, 0x04, 0x39, 0x03, 0x35, 0x35,
    0x35, 0x34, 0x34, 0x3a, 0x05, 0x39, 0x03, 0x35, 0x35, 0x35, 0x35, 0x35,
    0x34, 0x3a, 0x06, 0x0b, 0x35, 0x34, 0x3a, 0x07, 0x06, 0x01, 0x39, 0x04,
    0x39, 0x06, 0x39, 0x07, 0x39, 0x05, 0x3c, 0x02, 0x04, 0x3d, 0x14, 0x02,
    0x3b, 0x0b, 0x0c, 0x0d, 0x3e, 0x03, 0x03, 0xb5, 0x06, 0x09, 0x02, 0x94,
    0x00, 0x0b, 0x00, 0x03, 0xa6, 0x02, 0x4e, 0x03, 0x9c, 0x03, 0x6e, 0x03,
    0x82, 0x03, 0x8e, 0x02, 0x6a, 0x03, 0x03, 0x01, 0x92, 0x03, 0x1c, 0x03,
    0x0b, 0x3c, 0x00, 0x01, 0x3a, 0x06, 0x39, 0x06, 0x38, 0x03, 0x02, 0x3a,
    0x07, 0x0c, 0x39, 0x07, 0x3c, 0x01, 0x02, 0x38, 0x04, 0x3c, 0x02, 0x02,
    0x3a, 0x08, 0x38, 0x05, 0x01, 0x01, 0x0e, 0x3a, 0x09, 0x06, 0x03, 0x3d,
    0x39, 0x01, 0x1d, 0x07, 0x06, 0x03, 0x3d, 0x13, 0x01, 0x1c, 0x01, 0x2b,
    0x3a, 0x0a, 0x0d, 0x38, 0x03, 0x3c, 0x04, 0x02, 0x39, 0x08, 0x3d, 0x18,
    0x02, 0x3b, 0x0b, 0x38, 0x04, 0x39, 0x09, 0x3c, 0x05, 0x03, 0x3b, 0x39,
    0x0a, 0x1d, 0x0f, 0x39, 0x08, 0x38, 0x03, 0x39, 0x0a, 0x34, 0x39, 0x0a,
    0x35, 0x3c, 0x06, 0x04, 0x1c, 0x1b, 0x39, 0x08, 0x3a, 0x0b, 0x38, 0x03,
    0x3a, 0x0c, 0x38, 0x04, 0x3a, 0x0d, 0x01, 0x07, 0x3a, 0x0e, 0x39, 0x0b,
    0x39, 0x0c, 0x39, 0x0d, 0x01, 0x01, 0x3c, 0x07, 0x04, 0x3b, 0x06, 0x03,
    0x2b, 0x3d, 0x14, 0x02, 0x3b, 0x0b, 0x0c, 0x38, 0x04, 0x38, 0x05, 0x06,
    0x08, 0x3c, 0x09, 0x05, 0x3b, 0x0b, 0x0d, 0x38, 0x03, 0x38, 0x04, 0x38,
    0x05, 0x3e, 0x0a, 0x05, 0xb5, 0x05, 0x00, 0x02, 0x27, 0x00, 0x01, 0x86,
    0x03, 0x0b, 0x1d, 0x07, 0x0c, 0x38, 0x03, 0x12, 0x2a, 0x1c, 0x01, 0x2b,
    0x1d, 0x18, 0x0c, 0x0d, 0x0b, 0x34, 0x38, 0x04, 0x3d, 0x0b, 0x04, 0x3b,
    0x0b, 0x35, 0x0c, 0x01, 0x01, 0x0e, 0x0d, 0x38, 0x03, 0x38, 0x04, 0x3e,
    0x00, 0x05, 0x2b, 0x05, 0xb5, 0x03, 0x04, 0x02, 0x36, 0x00, 0x02, 0x86,
    0x03, 0x68, 0x03, 0x0b, 0x35, 0x35, 0x34, 0x3a, 0x03, 0x39, 0x03, 0x3a,
    0x05, 0x0d, 0x3a, 0x06, 0x39, 0x05, 0x39, 0x06, 0x12, 0x1d, 0x04, 0x39,
    0x05, 0x1c, 0x02, 0x39, 0x06, 0x01, 0x01, 0x0e, 0x3a, 0x04, 0x0b, 0x35,
    0x34, 0x39, 0x04, 0x0c, 0x01, 0x00, 0x01, 0x01, 0x3c, 0x00, 0x05, 0x3b,
    0x39, 0x03, 0x0d, 0x0c, 0x01, 0x01, 0x3e, 0x01, 0x04, 0xb5, 0x05, 0x06,
    0x02, 0x50, 0x00, 0x02, 0x86, 0x03, 0x68, 0x03, 0x0b, 0x35, 0x35, 0x34,
    0x3a, 0x05, 0x39, 0x05, 0x3a, 0x07, 0x38, 0x04, 0x3a, 0x08, 0x39, 0x07,
    0x39, 0x08, 0x12, 0x1d, 0x04, 0x39, 0x07, 0x1c, 0x02, 0x39, 0x08, 0x01,
    0x01, 0x0e, 0x3a, 0x06, 0x0b, 0x35, 0x34, 0x39, 0x06, 0x0c, 0x0d, 0x01,
    0x01, 0x3c, 0x00, 0x05, 0x3b, 0x39, 0x05, 0x38, 0x04, 0x3a, 0x09, 0x39,
    0x05, 0x38, 0x03, 0x01, 0x01, 0x02, 0x02, 0x3a, 0x0a, 0x39, 0x09, 0x39,
    0x0a, 0x12, 0x1d, 0x04, 0x39, 0x09, 0x1c, 0x02, 0x39, 0x0a, 0x0c, 0x01,
    0x01, 0x3e, 0x01, 0x04, 0xb5, 0x02, 0x01, 0x02, 0x1e, 0x00, 0x01, 0x6e,
    0x03, 0x0b, 0x35, 0x35, 0x34, 0x3a, 0x02, 0x0c, 0x39, 0x02, 0x12, 0x1d,
    0x0f, 0x0b, 0x35, 0x34, 0x39, 0x02, 0x0c, 0x01, 0x01, 0x02, 0x0e, 0x3c,
    0x00, 0x02, 0x34, 0x05, 0x01, 0x5f, 0x05, 0xb5, 0x06, 0x03, 0x02, 0x74,
    0x00, 0x09, 0x9c, 0x03, 0xfc, 0x02, 0x98, 0x02, 0x82, 0x03, 0x8a, 0x03,
    0x88, 0x03, 0x8c, 0x03, 0x03, 0x01, 0x1c, 0x03, 0x38, 0x05, 0x01, 0x01,
    0x0e, 0x3a, 0x06, 0x06, 0x00, 0x3d, 0x39, 0x01, 0x1d, 0x07, 0x06, 0x00,
    0x3d, 0x13, 0x01, 0x1c, 0x01, 0x2b, 0x3a, 0x07, 0x0b, 0x3c, 0x01, 0x01,
    0x3c, 0x02, 0x01, 0x35, 0x3a, 0x08, 0x0b, 0x38, 0x04, 0x39, 0x06, 0x3c,
    0x03, 0x03, 0x3b, 0x39, 0x07, 0x1d, 0x10, 0x0c, 0x38, 0x03, 0x39, 0x07,
    0x34, 0x39, 0x07, 0x35, 0x38, 0x04, 0x3c, 0x04, 0x05, 0x1c, 0x08, 0x0c,
    0x38, 0x03, 0x38, 0x04, 0x3c, 0x05, 0x03, 0x3b, 0x06, 0x00, 0x2b, 0x3d,
    0x14, 0x02, 0x3b, 0x39, 0x08, 0x38, 0x04, 0x12, 0x1d, 0x11, 0x39, 0x08,
    0x38, 0x03, 0x0c, 0x39, 0x08, 0x3c, 0x06, 0x02, 0x06, 0x07, 0x3d, 0x0b,
    0x04, 0x1c, 0x01, 0x2b, 0x3b, 0x0b, 0x0d, 0x38, 0x03, 0x38, 0x04, 0x38,
    0x05, 0x3e, 0x08, 0x05, 0xb5, 0x08, 0x07, 0x02, 0x8c, 0x00, 0x0b, 0x98,
    0x02, 0xa6, 0x02, 0x4e, 0x03, 0x6e, 0x03, 0x6a, 0x03, 0x88, 0x03, 0x82,
    0x03, 0x9c, 0x03, 0x8c, 0x03, 0x03, 0x01, 0x1c, 0x03, 0x0c, 0x3c, 0x00,
    0x01, 0x34, 0x3a, 0x08, 0x0c, 0x35, 0x35, 0x34, 0x39, 0x08, 0x01, 0x01,
    0x0e, 0x3c, 0x01, 0x02, 0x38, 0x06, 0x3c, 0x02, 0x02, 0x3a, 0x09, 0x0c,
    0x3c, 0x00, 0x01, 0x35, 0x3a, 0x0a, 0x38, 0x03, 0x38, 0x05, 0x3c, 0x03,
    0x02, 0x39, 0x09, 0x3d, 0x18, 0x02, 0x3b, 0x39, 0x09, 0x3a, 0x0b, 0x38,
    0x05, 0x3a, 0x0c, 0x38, 0x06, 0x3a, 0x0d, 0x01, 0x07, 0x3a, 0x0e, 0x39,
    0x0b, 0x39, 0x0c, 0x39, 0x0d, 0x01, 0x01, 0x3c, 0x04, 0x04, 0x3b, 0x0d,
    0x38, 0x04, 0x38, 0x06, 0x3c, 0x05, 0x03, 0x3b, 0x0b, 0x38, 0x06, 0x38,
    0x07, 0x01, 0x01, 0x0e, 0x3c, 0x06, 0x03, 0x3b, 0x06, 0x07, 0x2b, 0x3d,
    0x14, 0x02, 0x3b, 0x39, 0x0a, 0x38, 0x06, 0x12, 0x1d, 0x11, 0x39, 0x0a,
    0x38, 0x04, 0x0d, 0x39, 0x0a, 0x3c, 0x08, 0x02, 0x06, 0x09, 0x3d, 0x0b,
    0x04, 0x1c, 0x01, 0x2b, 0x3b, 0x0b, 0x38, 0x03, 0x38, 0x04, 0x38, 0x06,
    0x38, 0x07, 0x3e, 0x0a, 0x05, 0xb5, 0x05, 0x0a, 0x02, 0xab, 0x00, 0x06,
    0xdb, 0x07, 0x48, 0x03, 0xfc, 0x02, 0x98, 0x02, 0x00, 0x03, 0xa6, 0x02,
    0x0b, 0x35, 0x34, 0x06, 0x00, 0x1e, 0x1d, 0x25, 0x0b, 0x0d, 0x3c, 0x01,
    0x02, 0x3d, 0x03, 0x01, 0x3a, 0x05, 0x39, 0x05, 0x0d, 0x12, 0x1d, 0x04,
    0x39, 0x05, 0x1c, 0x04, 0x0d, 0x01, 0x01, 0x0e, 0x38, 0x03, 0x01, 0x01,
    0x0e, 0x01, 0x5f, 0x38, 0x04, 0x3d, 0x0b, 0x04, 0x05, 0x0b, 0x3c, 0x02,
    0x01, 0x3a, 0x06, 0x39, 0x06, 0x3c, 0x03, 0x01, 0x3a, 0x07, 0x39, 0x07,
    0x34, 0x3a, 0x08, 0x39, 0x07, 0x35, 0x3a, 0x09, 0x39, 0x09, 0x3a, 0x0a,
    0x39, 0x08, 0x0b, 0x3c, 0x04, 0x01, 0x0e, 0x3a, 0x0b, 0x38, 0x03, 0x01,
    0x01, 0x0e, 0x3a, 0x0c, 0x39, 0x0a, 0x01, 0x00, 0x12, 0x2a, 0x1d, 0x1b,
    0x39, 0x0a, 0x0d, 0x12, 0x1d, 0x12, 0x39, 0x0b, 0x01, 0x00, 0x12, 0x2a,
    0x1d, 0x07, 0x39, 0x0b, 0x39, 0x0c, 0x12, 0x1c, 0x01, 0x2b, 0x1c, 0x01,
    0x2b, 0x1c, 0x01, 0x2b, 0x1d, 0x2b, 0x0c, 0x39, 0x08, 0x3c, 0x05, 0x02,
    0x3a, 0x0d, 0x39, 0x09, 0x39, 0x0d, 0x3d, 0x03, 0x01, 0x12, 0x1d, 0x09,
    0x39, 0x0d, 0x39, 0x09, 0x3d, 0x04, 0x02, 0x1c, 0x02, 0x01, 0x5f, 0x3a,
    0x0e, 0x39, 0x0a, 0x39, 0x0b, 0x39, 0x0e, 0x38, 0x04, 0x3d, 0x0b, 0x04,
    0x05, 0x2b, 0x05, 0xb5, 0x06, 0x00, 0x02, 0x0f, 0x00, 0x02, 0x96, 0x02,
    0x84, 0x03, 0x0b, 0x0c, 0x3c, 0x00, 0x01, 0x0d, 0x38, 0x03, 0x38, 0x04,
    0x38, 0x05, 0x3e, 0x01, 0x06, 0xb5, 0x07, 0x00, 0x02, 0x2c, 0x00, 0x03,
    0x00, 0x03, 0x8e, 0x03, 0x94, 0x03, 0x0d, 0x1d, 0x0c, 0x0d, 0x34, 0x0b,
    0x3c, 0x00, 0x01, 0x38, 0x04, 0x02, 0x1e, 0x1c, 0x01, 0x2b, 0x1d, 0x0d,
    0x0b, 0x0d, 0x38, 0x03, 0x38, 0x04, 0x38, 0x05, 0x38, 0x06, 0x3e, 0x01,
    0x06, 0x0b, 0x0c, 0x38, 0x03, 0x38, 0x04, 0x38, 0x05, 0x38, 0x06, 0x3e,
    0x02, 0x06, 0xb5, 0x07, 0x07, 0x02, 0x81, 0x00, 0x02, 0x6a, 0x03, 0x98,
    0x03, 0x0c, 0x1d, 0x06, 0x0d, 0x38, 0x06, 0x12, 0x1c, 0x01, 0x2b, 0x1d,
    0x73, 0x38, 0x03, 0x1d, 0x06, 0x0d, 0x38, 0x03, 0x1e, 0x1c, 0x01, 0x2b,
    0x3a, 0x08, 0x39, 0x08, 0x1d, 0x04, 0x39, 0x08, 0x1c, 0x21, 0x38, 0x04,
    0x1d, 0x06, 0x0d, 0x38, 0x04, 0x1e, 0x1c, 0x01, 0x2b, 0x3a, 0x09, 0x39,
    0x09, 0x1d, 0x04, 0x39, 0x09, 0x1c, 0x0c, 0x0b, 0x1d, 0x08, 0x0b, 0x34,
    0x0c, 0x34, 0x1e, 0x2a, 0x1c, 0x01, 0x2c, 0x3a, 0x07, 0x39, 0x07, 0x1d,
    0x1c, 0x0c, 0x34, 0x3a, 0x0a, 0x0d, 0x3a, 0x0b, 0x38, 0x05, 0x3a, 0x0c,
    0x01, 0x07, 0x3a, 0x0d, 0x39, 0x0a, 0x39, 0x0b, 0x39, 0x0c, 0x01, 0x01,
    0x3c, 0x00, 0x04, 0x1c, 0x01, 0x2b, 0x3b, 0x0b, 0x1d, 0x04, 0x0b, 0x35,
    0x1c, 0x01, 0x2b, 0x0c, 0x35, 0x0d, 0x01, 0x01, 0x02, 0x38, 0x03, 0x38,
    0x04, 0x38, 0x05, 0x38, 0x06, 0x3e, 0x01, 0x07, 0x2b, 0x05, 0xb5, 0x07,
    0x02, 0x02, 0x52, 0x00, 0x08, 0x96, 0x02, 0x5a, 0x03, 0x9c, 0x03, 0x98,
    0x03, 0x82, 0x03, 0x03, 0x01, 0x92, 0x03, 0x1c, 0x03, 0x0c, 0x3c, 0x00,
    0x01, 0x3a, 0x07, 0x0b, 0x39, 0x07, 0x38, 0x05, 0x38, 0x06, 0x3c, 0x01,
    0x04, 0x3a, 0x08, 0x06, 0x02, 0x2b, 0x3d, 0x14, 0x02, 0x3b, 0x0d, 0x39,
    0x08, 0x01, 0x00, 0x38, 0x03, 0x38, 0x04, 0x38, 0x05, 0x38, 0x06, 0x01,
    0x01, 0x0e, 0x3c, 0x03, 0x07, 0x3b, 0x0b, 0x38, 0x05, 0x38, 0x06, 0x01,
    0x01, 0x0e, 0x3c, 0x04, 0x03, 0x3b, 0x0b, 0x39, 0x07, 0x38, 0x05, 0x38,
    0x06, 0x06, 0x05, 0x3c, 0x06, 0x05, 0x3b, 0x0b, 0x39, 0x08, 0x38, 0x03,
    0x38, 0x05, 0x38, 0x06, 0x3e, 0x07, 0x05, 0xb5, 0x01, 0x09, 0x02, 0xc9,
    0x00, 0x0a, 0x10, 0x03, 0xfc, 0x02, 0x9a, 0x02, 0x1e, 0x03, 0x5c, 0x03,
    0x14, 0x03, 0x96, 0x03, 0x00, 0x03, 0x90, 0x03, 0x9a, 0x03, 0x3d, 0x09,
    0x00, 0x3a, 0x01, 0x39, 0x01, 0x34, 0x3a, 0x02, 0x39, 0x01, 0x35, 0x34,
    0x3a, 0x03, 0x0b, 0x39, 0x03, 0x3c, 0x00, 0x02, 0x3a, 0x04, 0x39, 0x04,
    0x3c, 0x01, 0x01, 0x3a, 0x05, 0x39, 0x05, 0x3c, 0x02, 0x01, 0x3a, 0x06,
    0x39, 0x04, 0x39, 0x02, 0x39, 0x03, 0x3c, 0x03, 0x03, 0x3a, 0x07, 0x39,
    0x04, 0x39, 0x03, 0x3c, 0x04, 0x02, 0x3a, 0x08, 0x39, 0x04, 0x3c, 0x05,
    0x01, 0x3a, 0x09, 0x39, 0x07, 0x1d, 0x15, 0x39, 0x08, 0x1d, 0x0e, 0x39,
    0x09, 0x1d, 0x07, 0x39, 0x08, 0x39, 0x09, 0x1e, 0x1c, 0x01, 0x2b, 0x1c,
    0x01, 0x2b, 0x1c, 0x01, 0x2b, 0x1d, 0x11, 0x39, 0x04, 0x39, 0x05, 0x39,
    0x06, 0x39, 0x07, 0x39, 0x08, 0x39, 0x02, 0x39, 0x03, 0x3e, 0x06, 0x07,
    0x39, 0x07, 0x1d, 0x30, 0x39, 0x06, 0x1d, 0x29, 0x39, 0x08, 0x1d, 0x22,
    0x39, 0x09, 0x1d, 0x1b, 0x39, 0x08, 0x39, 0x09, 0x01, 0x01, 0x02, 0x1e,
    0x1d, 0x0e, 0x39, 0x06, 0x34, 0x39, 0x04, 0x3c, 0x07, 0x01, 0x39, 0x08,
    0x02, 0x1e, 0x1c, 0x01, 0x2b, 0x1c, 0x01, 0x2b, 0x1c, 0x01, 0x2b, 0x1c,
    0x01, 0x2b, 0x1c, 0x01, 0x2b, 0x1d, 0x13, 0x39, 0x04, 0x39, 0x05, 0x39,
    0x06, 0x39, 0x07, 0x39, 0x08, 0x39, 0x09, 0x39, 0x02, 0x39, 0x03, 0x3e,
    0x08, 0x08, 0x39, 0x04, 0x39, 0x05, 0x39, 0x07, 0x39, 0x08, 0x39, 0x09,
    0x39, 0x02, 0x39, 0x03, 0x3e, 0x09, 0x07, 0xb5, 0x01, 0x01, 0x02, 0x1f,
    0x00, 0x04, 0xfe, 0x02, 0xef, 0x07, 0x44, 0x03, 0x9e, 0x03, 0x0b, 0x3c,
    0x00, 0x01, 0x06, 0x01, 0x1e, 0x1d, 0x02, 0x0b, 0x05, 0x3d, 0x0e, 0x00,
    0x3a, 0x01, 0x39, 0x01, 0x1d, 0x09, 0x0b, 0x39, 0x01, 0x3c, 0x02, 0x02,
    0x3e, 0x03, 0x01, 0x0b, 0x05, 0xb5, 0x01, 0x05, 0x02, 0x47, 0x00, 0x09,
    0xfc, 0x02, 0xa6, 0x03, 0x44, 0x03, 0x9e, 0x03, 0xfe, 0x02, 0xef, 0x07,
    0x04, 0x03, 0x9c, 0x03, 0xa0, 0x03, 0x0b, 0x3a, 0x02, 0x39, 0x02, 0x3c,
    0x00, 0x01, 0x3c, 0x01, 0x01, 0x3b, 0x39, 0x02, 0x3a, 0x01, 0x3d, 0x0d,
    0x00, 0x3a, 0x03, 0x39, 0x01, 0x39, 0x03, 0x3c, 0x02, 0x02, 0x3c, 0x03,
    0x01, 0x3a, 0x04, 0x39, 0x04, 0x3c, 0x04, 0x01, 0x06, 0x05, 0x1e, 0x1d,
    0x14, 0x39, 0x04, 0x2b, 0x3c, 0x06, 0x02, 0x3a, 0x05, 0x39, 0x05, 0x3c,
    0x00, 0x01, 0x3c, 0x01, 0x01, 0x3b, 0x39, 0x05, 0x05, 0x39, 0x04, 0x3c,
    0x07, 0x01, 0x3e, 0x08, 0x01, 0xb5, 0x02, 0x00, 0x02, 0x18, 0x00, 0x02,
    0x16, 0x01, 0xa2, 0x03, 0x0c, 0x1d, 0x13, 0x0b, 0x0c, 0x34, 0x34, 0x3c,
    0x00, 0x02, 0x1d, 0x04, 0x0c, 0x34, 0x35, 0x05, 0x0b, 0x0c, 0x35, 0x3e,
    0x01, 0x02, 0x2b, 0x05, 0xb5, 0x03, 0x00, 0x02, 0x1b, 0x00, 0x02, 0x16,
    0x01, 0xa4, 0x03, 0x0c, 0x1d, 0x16, 0x0b, 0x0c, 0x35, 0x0b, 0x0c, 0x34,
    0x34, 0x3c, 0x00, 0x02, 0x1d, 0x03, 0x0d, 0x1c, 0x04, 0x0c, 0x34, 0x0d,
    0x33, 0x3e, 0x01, 0x03, 0x0d, 0x05, 0xb5, 0x01, 0x0e, 0x02, 0xa3, 0x00,
    0x08, 0x9a, 0x02, 0x96, 0x02, 0x08, 0x00, 0x92, 0x02, 0xac, 0x03, 0x16,
    0x01, 0xa4, 0x03, 0xae, 0x02, 0x0b, 0x3a, 0x02, 0x39, 0x02, 0x3c, 0x00,
    0x01, 0x1d, 0x48, 0x39, 0x02, 0x35, 0x3a, 0x03, 0x39, 0x03, 0x35, 0x3a,
    0x04, 0x39, 0x04, 0x35, 0x3a, 0x05, 0x39, 0x05, 0x35, 0x3a, 0x06, 0x39,
    0x06, 0x35, 0x3a, 0x07, 0x39, 0x07, 0x35, 0x3a, 0x08, 0x39, 0x08, 0x35,
    0x3a, 0x09, 0x39, 0x09, 0x35, 0x3a, 0x0a, 0x39, 0x02, 0x34, 0x39, 0x03,
    0x34, 0x39, 0x02, 0x3c, 0x01, 0x01, 0x39, 0x05, 0x34, 0x39, 0x06, 0x34,
    0x39, 0x07, 0x34, 0x39, 0x08, 0x34, 0x2b, 0x39, 0x0a, 0x34, 0x3c, 0x02,
    0x09, 0x1c, 0x02, 0x39, 0x02, 0x3a, 0x01, 0x39, 0x01, 0x3c, 0x03, 0x01,
    0x3a, 0x0b, 0x06, 0x04, 0x3d, 0x13, 0x01, 0x3a, 0x0c, 0x39, 0x0c, 0x1d,
    0x0b, 0x39, 0x0b, 0x39, 0x0c, 0x34, 0x34, 0x3c, 0x05, 0x02, 0x1c, 0x01,
    0x2b, 0x1d, 0x0b, 0x39, 0x0c, 0x34, 0x39, 0x01, 0x3d, 0x19, 0x02, 0x3b,
    0x2c, 0x05, 0x06, 0x04, 0x39, 0x0b, 0x39, 0x01, 0x33, 0x39, 0x0b, 0x3a,
    0x0d, 0x39, 0x0c, 0x3a, 0x0e, 0x39, 0x0d, 0x39, 0x0e, 0x2b, 0x3c, 0x06,
    0x03, 0x2b, 0x3c, 0x07, 0x02, 0x33, 0x3d, 0x14, 0x02, 0x3b, 0x2c, 0x05,
    0xb5, 0x01, 0x02, 0x02, 0x38, 0x00, 0x06, 0xac, 0x03, 0xa2, 0x03, 0xfa,
    0x08, 0x08, 0x00, 0x90, 0x02, 0x0a, 0x09, 0x0b, 0x1d, 0x1b, 0x0b, 0x06,
    0x00, 0x3d, 0x13, 0x01, 0x3c, 0x01, 0x02, 0x3a, 0x01, 0x39, 0x01, 0x1d,
    0x03, 0x39, 0x01, 0x05, 0x0b, 0x06, 0x02, 0x3c, 0x03, 0x01, 0x3e, 0x04,
    0x02, 0x06, 0x00, 0x3d, 0x13, 0x01, 0x3a, 0x02, 0x39, 0x02, 0x1d, 0x05,
    0x39, 0x02, 0x34, 0x35, 0x05, 0x06, 0x05, 0x06, 0x02, 0x3c, 0x03, 0x01,
    0x3e, 0x04, 0x02, 0xb5, 0x02, 0x00, 0x02, 0x12, 0x00, 0x02, 0xaa, 0x03,
    0xae, 0x02, 0x0b, 0x1d, 0x0a, 0x0b, 0x35, 0x0b, 0x34, 0x34, 0x0c, 0x33,
    0x3e, 0x00, 0x02, 0x0c, 0x2b, 0x3e, 0x01, 0x02, 0xb5, 0x00, 0x01, 0x02,
    0x0d, 0x00, 0x02, 0xac, 0x03, 0xaa, 0x03, 0x06, 0x00, 0x3d, 0x13, 0x01,
    0x3a, 0x00, 0x39, 0x00, 0x2b, 0x3e, 0x01, 0x02, 0xb5, 0x00, 0x01, 0x03,
    0x1c, 0x00, 0x06, 0xa8, 0x03, 0xfa, 0x02, 0x9c, 0x03, 0xa0, 0x03, 0xfc,
    0x02, 0xa6, 0x03, 0x39, 0x00, 0x1d, 0x05, 0x39, 0x00, 0x34, 0x1c, 0x01,
    0x2b, 0x3c, 0x00, 0x01, 0x3c, 0x01, 0x01, 0x3c, 0x02, 0x01, 0x3c, 0x03,
    0x01, 0x3c, 0x04, 0x01, 0x3e, 0x05, 0x01, 0xb5, 0x02, 0x00, 0x02, 0x28,
    0x00, 0x02, 0xae, 0x02, 0xb0, 0x03, 0x0b, 0x1d, 0x20, 0x0b, 0x35, 0x0b,
    0x35, 0x1d, 0x0e, 0x01, 0x0a, 0x0b, 0x34, 0x3d, 0x1c, 0x01, 0x0c, 0x3c,
    0x00, 0x02, 0x33, 0x1c, 0x09, 0x0b, 0x34, 0x3d, 0x1c, 0x01, 0x0c, 0x3c,
    0x00, 0x02, 0x3e, 0x01, 0x02, 0x0c, 0x2b, 0x3e, 0x00, 0x02, 0xb5, 0x02,
    0x01, 0x02, 0x2e, 0x00, 0x04, 0x64, 0x01, 0x5e, 0x01, 0x74, 0x00, 0xb2,
    0x03, 0x0c, 0x01, 0x08, 0x1e, 0x1d, 0x02, 0x2b, 0x05, 0x0c, 0x01, 0x20,
    0x0f, 0x3a, 0x02, 0x0b, 0x39, 0x02, 0x3c, 0x00, 0x02, 0x1d, 0x10, 0x39,
    0x02, 0x01, 0x03, 0x3c, 0x01, 0x02, 0x39, 0x02, 0x01, 0x04, 0x3c, 0x01,
    0x02, 0x33, 0x05, 0x0b, 0x0c, 0x3c, 0x02, 0x01, 0x3e, 0x03, 0x02, 0xb5,
    0x04, 0x03, 0x02, 0x52, 0x00, 0x04, 0xb2, 0x03, 0x6a, 0x01, 0x76, 0x00,
    0xb4, 0x03, 0x38, 0x03, 0x01, 0x00, 0x13, 0x1d, 0x49, 0x0c, 0x0d, 0x3d,
    0x0f, 0x02, 0x1d, 0x40, 0x0b, 0x01, 0x00, 0x3c, 0x00, 0x02, 0x3a, 0x04,
    0x39, 0x04, 0x1d, 0x03, 0x39, 0x04, 0x05, 0x01, 0x00, 0x3d, 0x10, 0x01,
    0x3a, 0x05, 0x01, 0x01, 0x3d, 0x10, 0x01, 0x3a, 0x06, 0x0c, 0x0d, 0x39,
    0x05, 0x39, 0x06, 0x3c, 0x01, 0x04, 0x1d, 0x16, 0x39, 0x05, 0x01, 0x00,
    0x13, 0x1d, 0x0d, 0x0b, 0x39, 0x05, 0x39, 0x06, 0x38, 0x03, 0x3c, 0x02,
    0x01, 0x3e, 0x03, 0x04, 0x2b, 0x05, 0x2b, 0x05, 0x2b, 0x05, 0x2b, 0x05,
    0xb5, 0x04, 0x02, 0x02, 0x43, 0x00, 0x02, 0x74, 0x00, 0xb6, 0x03, 0x0b,
    0x0c, 0x13, 0x1d, 0x05, 0x0d, 0x38, 0x03, 0x33, 0x05, 0x0b, 0x3d, 0x10,
    0x01, 0x3a, 0x04, 0x0d, 0x3c, 0x00, 0x01, 0x3a, 0x05, 0x0b, 0x3c, 0x00,
    0x01, 0x0c, 0x39, 0x05, 0x39, 0x04, 0x01, 0x20, 0x1e, 0x1d, 0x04, 0x38,
    0x03, 0x1c, 0x18, 0x39, 0x04, 0x01, 0x0a, 0x1e, 0x1d, 0x04, 0x38, 0x03,
    0x1c, 0x0d, 0x39, 0x04, 0x01, 0x0d, 0x1e, 0x1d, 0x04, 0x38, 0x03, 0x1c,
    0x02, 0x39, 0x05, 0x3e, 0x01, 0x04, 0xb5, 0x04, 0x00, 0x02, 0x2d, 0x00,
    0x00, 0x0d, 0x01, 0x00, 0x1e, 0x1d, 0x06, 0x38, 0x03, 0x01, 0x00, 0x13,
    0x05, 0x0d, 0x01, 0x50, 0x13, 0x2a, 0x1d, 0x07, 0x38, 0x03, 0x01, 0x28,
    0x12, 0x1c, 0x01, 0x2b, 0x1d, 0x0e, 0x0d, 0x0b, 0x1e, 0x1d, 0x06, 0x38,
    0x03, 0x0c, 0x1e, 0x1c, 0x01, 0x2b, 0x2a, 0x05, 0x2b, 0x05, 0xb5, 0x05,
    0x03, 0x02, 0x63, 0x00, 0x05, 0xb8, 0x03, 0xff, 0x01, 0xb6, 0x03, 0x76,
    0x00, 0xba, 0x03, 0x0d, 0x01, 0x00, 0x13, 0x1d, 0x5a, 0x0b, 0x0c, 0x3d,
    0x0f, 0x02, 0x1d, 0x50, 0x01, 0x00, 0x3d, 0x10, 0x01, 0x3a, 0x05, 0x01,
    0x01, 0x3d, 0x10, 0x01, 0x3a, 0x06, 0x0b, 0x0c, 0x39, 0x05, 0x39, 0x06,
    0x3c, 0x00, 0x04, 0x1d, 0x34, 0x01, 0x02, 0x39, 0x05, 0x01, 0x00, 0x13,
    0x1d, 0x04, 0x06, 0x01, 0x1c, 0x02, 0x39, 0x06, 0x38, 0x03, 0x38, 0x04,
    0x3c, 0x02, 0x04, 0x3a, 0x07, 0x39, 0x05, 0x01, 0x00, 0x13, 0x1d, 0x11,
    0x39, 0x05, 0x39, 0x06, 0x0d, 0x3c, 0x03, 0x01, 0x39, 0x07, 0x34, 0x39,
    0x07, 0x35, 0x3e, 0x04, 0x05, 0x39, 0x07, 0x35, 0x05, 0x01, 0xff, 0x05,
    0x01, 0xff, 0x05, 0x01, 0xff, 0x05, 0xb5, 0x05, 0x02, 0x02, 0x6a, 0x00,
    0x03, 0x74, 0x00, 0x76, 0x00, 0xbc, 0x03, 0x0d, 0x01, 0x00, 0x1e, 0x3a,
    0x05, 0x39, 0x05, 0x1d, 0x04, 0x39, 0x05, 0x1c, 0x03, 0x0b, 0x0c, 0x13,
    0x1d, 0x08, 0x0d, 0x38, 0x03, 0x38, 0x04, 0x33, 0x33, 0x05, 0x0b, 0x3d,
    0x10, 0x01, 0x3a, 0x06, 0x39, 0x06, 0x01, 0x0a, 0x1e, 0x1d, 0x18, 0x0b,
    0x3c, 0x00, 0x01, 0x0c, 0x0d, 0x3c, 0x01, 0x01, 0x2b, 0x38, 0x03, 0x3d,
    0x17, 0x01, 0x3d, 0x1d, 0x01, 0x38, 0x04, 0x33, 0x3e, 0x02, 0x05, 0x39,
    0x06, 0x01, 0x0d, 0x1e, 0x1d, 0x10, 0x0b, 0x3c, 0x00, 0x01, 0x0c, 0x0d,
    0x3c, 0x01, 0x01, 0x38, 0x03, 0x38, 0x04, 0x3e, 0x02, 0x05, 0x0b, 0x3c,
    0x00, 0x01, 0x0c, 0x0d, 0x3c, 0x01, 0x01, 0x39, 0x06, 0x38, 0x03, 0x33,
    0x38, 0x04, 0x3e, 0x02, 0x05, 0xb5, 0x06, 0x06, 0x02, 0x9c, 0x00, 0x06,
    0x9a, 0x00, 0xb8, 0x03, 0xff, 0x01, 0xbc, 0x03, 0x76, 0x00, 0xbe, 0x03,
    0x38, 0x03, 0x01, 0x00, 0x1e, 0x1d, 0x0e, 0x38, 0x04, 0x3d, 0x17, 0x01,
    0x3d, 0x1d, 0x01, 0x38, 0x05, 0x33, 0x3e, 0x00, 0x01, 0x0d, 0x01, 0x00,
    0x13, 0x1d, 0x7f, 0x0b, 0x0c, 0x3d, 0x0f, 0x02, 0x1d, 0x76, 0x01, 0x00,
    0x3d, 0x10, 0x01, 0x3a, 0x06, 0x01, 0x01, 0x3d, 0x10, 0x01, 0x3a, 0x07,
    0x0b, 0x0c, 0x39, 0x06, 0x39, 0x07, 0x3c, 0x01, 0x04, 0x1d, 0x5b, 0x01,
    0x02, 0x39, 0x06, 0x01, 0x00, 0x13, 0x1d, 0x04, 0x06, 0x02, 0x1c, 0x02,
    0x39, 0x07, 0x38, 0x03, 0x38, 0x04, 0x38, 0x05, 0x3c, 0x03, 0x05, 0x3a,
    0x08, 0x39, 0x08, 0x34, 0x3a, 0x09, 0x39, 0x08, 0x35, 0x34, 0x3a, 0x0a,
    0x39, 0x08, 0x35, 0x35, 0x3a, 0x0b, 0x39, 0x09, 0x01, 0x00, 0x13, 0x1d,
    0x07, 0x39, 0x06, 0x01, 0x00, 0x13, 0x1c, 0x01, 0x2b, 0x1d, 0x11, 0x39,
    0x06, 0x39, 0x07, 0x0d, 0x3c, 0x04, 0x01, 0x39, 0x09, 0x39, 0x0a, 0x39,
    0x0b, 0x3e, 0x05, 0x06, 0x39, 0x0a, 0x3d, 0x17, 0x01, 0x3d, 0x1d, 0x01,
    0x39, 0x0b, 0x33, 0x3e, 0x00, 0x01, 0x2b, 0x05, 0x2b, 0x05, 0x2b, 0x05,
    0xb5, 0x01, 0x01, 0x02, 0x2f, 0x00, 0x01, 0xc0, 0x03, 0x0b, 0x1d, 0x2a,
    0x0b, 0x34, 0x3a, 0x01, 0x39, 0x01, 0x01, 0x20, 0x1e, 0x1d, 0x05, 0x0b,
    0x35, 0x3e, 0x00, 0x01, 0x39, 0x01, 0x01, 0x0a, 0x1e, 0x1d, 0x05, 0x0b,
    0x35, 0x3e, 0x00, 0x01, 0x39, 0x01, 0x01, 0x0d, 0x1e, 0x1d, 0x05, 0x0b,
    0x35, 0x3e, 0x00, 0x01, 0x0b, 0x05, 0x2b, 0x05, 0xb5, 0x01, 0x02, 0x02,
    0x3e, 0x00, 0x04, 0xb4, 0x03, 0xff, 0x01, 0xba, 0x03, 0xbe, 0x03, 0x0b,
    0x3d, 0x1c, 0x01, 0x01, 0x28, 0x01, 0x03, 0x01, 0x40, 0x3c, 0x00, 0x04,
    0x3a, 0x01, 0x39, 0x01, 0x1d, 0x29, 0x39, 0x01, 0x34, 0x39, 0x01, 0x35,
    0x06, 0x01, 0x01, 0x00, 0x01, 0x00, 0x3c, 0x02, 0x05, 0x3a, 0x02, 0x39,
    0x02, 0x01, 0x00, 0x12, 0x1d, 0x02, 0x2b, 0x05, 0x39, 0x01, 0x34, 0x39,
    0x01, 0x35, 0x06, 0x01, 0x39, 0x02, 0x2b, 0x2b, 0x3e, 0x03, 0x06, 0x2b,
    0x05, 0xb5, 0x02, 0x04, 0x02, 0x8b, 0x00, 0x0b, 0x7c, 0x02, 0x98, 0x05,
    0x16, 0x09, 0xd4, 0x01, 0x84, 0x02, 0xce, 0x03, 0x76, 0x00, 0xee, 0x0a,
    0x94, 0x00, 0x14, 0x0b, 0x44, 0x0b, 0x06, 0x00, 0x3d, 0x24, 0x01, 0x06,
    0x01, 0x1e, 0x1d, 0x03, 0x2c, 0x1c, 0x05, 0x06, 0x02, 0x3c, 0x03, 0x01,
    0x1d, 0x6d, 0x0b, 0x0c, 0x3c, 0x00, 0x02, 0x3a, 0x03, 0x39, 0x03, 0x01,
    0x08, 0x1e, 0x1d, 0x17, 0x3c, 0x04, 0x00, 0x3a, 0x04, 0x39, 0x04, 0x01,
    0x00, 0x1e, 0x1d, 0x07, 0x0b, 0x0c, 0x3c, 0x00, 0x02, 0x1c, 0x02, 0x39,
    0x04, 0x1c, 0x02, 0x39, 0x03, 0x3a, 0x02, 0x39, 0x02, 0x01, 0x00, 0x1e,
    0x1d, 0x09, 0x06, 0x05, 0x2b, 0x3d, 0x14, 0x02, 0x3b, 0x2c, 0x05, 0x06,
    0x05, 0x39, 0x02, 0x3a, 0x05, 0x39, 0x05, 0x01, 0x00, 0x13, 0x1d, 0x07,
    0x39, 0x05, 0x01, 0x0d, 0x12, 0x1c, 0x01, 0x2b, 0x1d, 0x0c, 0x39, 0x05,
    0x3c, 0x06, 0x01, 0x06, 0x07, 0x3c, 0x08, 0x02, 0x1c, 0x02, 0x06, 0x09,
    0x3d, 0x14, 0x02, 0x3b, 0x39, 0x02, 0x01, 0x09, 0x1e, 0x1d, 0x02, 0x2c,
    0x05, 0x2b, 0x05, 0x06, 0x05, 0x06, 0x0a, 0x3d, 0x14, 0x02, 0x3b, 0x2b,
    0x05, 0xb5, 0x03, 0x01, 0x02, 0x32, 0x00, 0x06, 0xc0, 0x03, 0xae, 0x02,
    0x74, 0x00, 0x5e, 0x01, 0x01, 0x01, 0xc6, 0x03, 0x0c, 0x01, 0x10, 0x1e,
    0x1d, 0x08, 0x0d, 0x3c, 0x00, 0x01, 0x2b, 0x3e, 0x01, 0x02, 0x0b, 0x0c,
    0x3c, 0x02, 0x01, 0x0b, 0x01, 0x05, 0x0c, 0x02, 0x3c, 0x03, 0x02, 0x3a,
    0x03, 0x39, 0x03, 0x01, 0x7f, 0x13, 0x1d, 0x07, 0x39, 0x03, 0x06, 0x04,
    0x0e, 0x1c, 0x02, 0x39, 0x03, 0x0d, 0x33, 0x3e, 0x05, 0x03, 0xb5, 0x02,
    0x01, 0x02, 0x2c, 0x00, 0x04, 0x74, 0x00, 0x60, 0x01, 0xc6, 0x03, 0xc8,
    0x03, 0x0b, 0x01, 0x08, 0x1e, 0x1d, 0x02, 0x0c, 0x05, 0x0b, 0x01, 0x20,
    0x0f, 0x3a, 0x02, 0x0b, 0x3c, 0x00, 0x01, 0x39, 0x02, 0x3c, 0x01, 0x01,
    0x1d, 0x0f, 0x39, 0x02, 0x01, 0x00, 0x2b, 0x3c, 0x02, 0x03, 0x3d, 0x1d,
    0x01, 0x0c, 0x33, 0x1c, 0x01, 0x0c, 0x3e, 0x03, 0x02, 0xb5, 0x04, 0x05,
    0x02, 0x73, 0x00, 0x05, 0xc8, 0x03, 0x6a, 0x01, 0x76, 0x00, 0xca, 0x03,
    0xae, 0x02, 0x0d, 0x01, 0x00, 0x13, 0x1d, 0x67, 0x0b, 0x0c, 0x3d, 0x0f,
    0x02, 0x1d, 0x5a, 0x0b, 0x3a, 0x05, 0x0c, 0x3a, 0x06, 0x39, 0x05, 0x01,
    0x28, 0x1e, 0x1d, 0x0f, 0x39, 0x06, 0x01, 0x00, 0x1e, 0x1d, 0x04, 0x01,
    0x08, 0x1c, 0x02, 0x01, 0x00, 0x1c, 0x02, 0x01, 0x00, 0x38, 0x03, 0x3c,
    0x00, 0x02, 0x3a, 0x04, 0x01, 0x00, 0x3d, 0x10, 0x01, 0x3a, 0x07, 0x01,
    0x01, 0x3d, 0x10, 0x01, 0x3a, 0x08, 0x0b, 0x0c, 0x39, 0x07, 0x39, 0x08,
    0x3c, 0x01, 0x04, 0x1d, 0x1a, 0x39, 0x07, 0x01, 0x00, 0x13, 0x1d, 0x0d,
    0x39, 0x07, 0x39, 0x08, 0x0d, 0x3c, 0x02, 0x01, 0x39, 0x04, 0x3e, 0x03,
    0x04, 0x39, 0x04, 0x2b, 0x3e, 0x04, 0x02, 0x2b, 0x05, 0x38, 0x03, 0x2b,
    0x3e, 0x04, 0x02, 0x38, 0x03, 0x2b, 0x3e, 0x04, 0x02, 0xb5, 0x00, 0x00,
    0x02, 0x0a, 0x00, 0x01, 0xca, 0x03, 0x01, 0x28, 0x01, 0x00, 0x01, 0x40,
    0x2b, 0x3e, 0x00, 0x04, 0xb5, 0x00, 0x00, 0x02, 0x0f, 0x00, 0x01, 0xce,
    0x03, 0x06, 0x00, 0x3d, 0x39, 0x01, 0x1d, 0x06, 0x06, 0x00, 0x3d, 0x13,
    0x01, 0x05, 0x2b, 0x05, 0xb5, 0x00, 0x01, 0x02, 0x0f, 0x00, 0x02, 0xbe,
    0x01, 0x62, 0x0b, 0x3c, 0x00, 0x00, 0x3a, 0x00, 0x39, 0x00, 0x1d, 0x03,
    0x39, 0x00, 0x05, 0x06, 0x01, 0x05, 0xb5, 0x01, 0x05, 0x02, 0x70, 0x00,
    0x08, 0x6a, 0x0b, 0x34, 0x01, 0x74, 0x0b, 0x7e, 0x0b, 0x84, 0x0b, 0x8c,
    0x0b, 0x2a, 0x01, 0x96, 0x0b, 0x0b, 0x06, 0x00, 0x3c, 0x01, 0x02, 0x3a,
    0x01, 0x39, 0x01, 0x1d, 0x04, 0x39, 0x01, 0x1c, 0x5a, 0x0b, 0x06, 0x02,
    0x3c, 0x01, 0x02, 0x3a, 0x02, 0x39, 0x02, 0x1d, 0x04, 0x39, 0x02, 0x1c,
    0x4a, 0x0b, 0x06, 0x03, 0x3c, 0x01, 0x02, 0x3a, 0x03, 0x39, 0x03, 0x1d,
    0x04, 0x39, 0x03, 0x1c, 0x3a, 0x0b, 0x06, 0x04, 0x3c, 0x01, 0x02, 0x3a,
    0x04, 0x39, 0x04, 0x1d, 0x04, 0x39, 0x04, 0x1c, 0x2a, 0x0b, 0x06, 0x05,
    0x3c, 0x01, 0x02, 0x3a, 0x05, 0x39, 0x05, 0x1d, 0x04, 0x39, 0x05, 0x1c,
    0x1a, 0x0b, 0x3d, 0x03, 0x01, 0x01, 0x04, 0x12, 0x2a, 0x1d, 0x0f, 0x0b,
    0x01, 0x00, 0x01, 0x04, 0x3c, 0x06, 0x03, 0x06, 0x07, 0x3c, 0x01, 0x02,
    0x1c, 0x01, 0x2b, 0x1d, 0x02, 0x2b, 0x05, 0x2c, 0x05, 0xb5, 0x01, 0x00,
    0x02, 0x19, 0x00, 0x03, 0x2a, 0x01, 0xa0, 0x0b, 0x34, 0x01, 0x0b, 0x3d,
    0x03, 0x01, 0x01, 0x04, 0x12, 0x2a, 0x1d, 0x0d, 0x0b, 0x01, 0x00, 0x01,
    0x04, 0x3c, 0x00, 0x03, 0x06, 0x01, 0x3e, 0x02, 0x02, 0x2b, 0x05, 0xb5,
    0x01, 0x02, 0x03, 0x44, 0x00, 0x08, 0xd2, 0x03, 0xc2, 0x03, 0xce, 0x03,
    0x90, 0x02, 0xe0, 0x03, 0xa6, 0x03, 0xbe, 0x0b, 0xd4, 0x0b, 0x0b, 0x3c,
    0x00, 0x01, 0x1d, 0x34, 0x0b, 0x3c, 0x01, 0x01, 0x3a, 0x02, 0x39, 0x02,
    0x1d, 0x20, 0x06, 0x02, 0x2b, 0x3d, 0x14, 0x02, 0x3b, 0x39, 0x01, 0x1d,
    0x05, 0x39, 0x01, 0x34, 0x1c, 0x01, 0x0b, 0x39, 0x02, 0x3c, 0x03, 0x02,
    0x0b, 0x3c, 0x04, 0x02, 0x3c, 0x05, 0x01, 0x3b, 0x2c, 0x05, 0x06, 0x02,
    0x06, 0x06, 0x3d, 0x14, 0x02, 0x3b, 0x2b, 0x05, 0x06, 0x02, 0x06, 0x07,
    0x3d, 0x14, 0x02, 0x3b, 0x2b, 0x05, 0xb5, 0x01, 0x08, 0x03, 0x77, 0x00,
    0x0b, 0xac, 0x03, 0xa2, 0x03, 0xd2, 0x03, 0x96, 0x02, 0xb0, 0x03, 0xc4,
    0x03, 0xe0, 0x03, 0xa6, 0x03, 0xce, 0x03, 0xea, 0x0b, 0x08, 0x0c, 0x39,
    0x01, 0x3a, 0x03, 0x39, 0x03, 0x1d, 0x0d, 0x39, 0x03, 0x34, 0x06, 0x00,
    0x3d, 0x13, 0x01, 0x3c, 0x01, 0x02, 0x1c, 0x12, 0x06, 0x00, 0x3d, 0x13,
    0x01, 0x3a, 0x04, 0x39, 0x04, 0x1d, 0x06, 0x39, 0x04, 0x34, 0x35, 0x1c,
    0x01, 0x2b, 0x3a, 0x02, 0x39, 0x02, 0x1d, 0x40, 0x0b, 0x3c, 0x02, 0x01,
    0x1d, 0x30, 0x39, 0x02, 0x3a, 0x06, 0x39, 0x06, 0x3c, 0x03, 0x01, 0x3a,
    0x07, 0x39, 0x07, 0x3a, 0x08, 0x39, 0x08, 0x2b, 0x3c, 0x04, 0x02, 0x3d,
    0x1d, 0x01, 0x3a, 0x05, 0x0b, 0x39, 0x05, 0x3c, 0x05, 0x02, 0x1d, 0x0c,
    0x39, 0x02, 0x0b, 0x3c, 0x06, 0x02, 0x3c, 0x07, 0x01, 0x3b, 0x2c, 0x05,
    0x2b, 0x05, 0x06, 0x08, 0x06, 0x09, 0x3d, 0x14, 0x02, 0x3b, 0x2b, 0x05,
    0x06, 0x08, 0x06, 0x0a, 0x3d, 0x14, 0x02, 0x3b, 0x2b, 0x05, 0xb5, 0x01,
    0x07, 0x03, 0x92, 0x00, 0x0c, 0xac, 0x03, 0xa2, 0x03, 0xd4, 0x03, 0xb4,
    0x03, 0x96, 0x02, 0xb0, 0x03, 0xc6, 0x01, 0xce, 0x03, 0xd0, 0x03, 0x22,
    0x0c, 0x34, 0x0c, 0x52, 0x0c, 0x39, 0x01, 0x3a, 0x03, 0x39, 0x03, 0x1d,
    0x0d, 0x39, 0x03, 0x34, 0x06, 0x00, 0x3d, 0x13, 0x01, 0x3c, 0x01, 0x02,
    0x1c, 0x12, 0x06, 0x00, 0x3d, 0x13, 0x01, 0x3a, 0x04, 0x39, 0x04, 0x1d,
    0x06, 0x39, 0x04, 0x34, 0x35, 0x1c, 0x01, 0x2b, 0x3a, 0x02, 0x39, 0x02,
    0x1d, 0x5b, 0x0b, 0x3c, 0x02, 0x01, 0x1d, 0x4b, 0x0b, 0x3d, 0x1c, 0x01,
    0x01, 0x28, 0x01, 0x03, 0x01, 0x40, 0x3c, 0x03, 0x04, 0x1d, 0x32, 0x39,
    0x02, 0x3a, 0x05, 0x39, 0x05, 0x3c, 0x04, 0x01, 0x3a, 0x06, 0x39, 0x06,
    0x3a, 0x07, 0x39, 0x07, 0x2b, 0x3c, 0x05, 0x02, 0x3d, 0x1d, 0x01, 0x0b,
    0x3c, 0x06, 0x02, 0x1d, 0x09, 0x06, 0x07, 0x2b, 0x3d, 0x14, 0x02, 0x3b,
    0x2c, 0x05, 0x06, 0x07, 0x3c, 0x08, 0x00, 0x3d, 0x14, 0x02, 0x3b, 0x2b,
    0x05, 0x06, 0x07, 0x06, 0x09, 0x3d, 0x14, 0x02, 0x3b, 0x2b, 0x05, 0x06,
    0x07, 0x06, 0x0a, 0x3d, 0x14, 0x02, 0x3b, 0x2b, 0x05, 0x06, 0x07, 0x06,
    0x0b, 0x3d, 0x14, 0x02, 0x3b, 0x2b, 0x05, 0xb5, 0x02, 0x05, 0x02, 0x87,
    0x00, 0x0c, 0xd2, 0x03, 0xc2, 0x03, 0xb0, 0x03, 0xd4, 0x03, 0xb4, 0x03,
    0xc6, 0x01, 0xce, 0x03, 0xd0, 0x03, 0x6c, 0x0c, 0x7e, 0x0c, 0x9c, 0x0c,
    0xb2, 0x0c, 0x0b, 0x3c, 0x00, 0x01, 0x1d, 0x77, 0x0b, 0x3a, 0x03, 0x39,
    0x03, 0x3c, 0x01, 0x01, 0x3a, 0x04, 0x39, 0x04, 0x1d, 0x13, 0x39, 0x04,
    0x3a, 0x05, 0x39, 0x05, 0x3a, 0x06, 0x39, 0x06, 0x2b, 0x3c, 0x02, 0x02,
    0x3d, 0x1d, 0x01, 0x1c, 0x01, 0x2b, 0x3a, 0x02, 0x39, 0x02, 0x1d, 0x45,
    0x0c, 0x3c, 0x03, 0x01, 0x1d, 0x35, 0x0c, 0x3d, 0x1c, 0x01, 0x01, 0x28,
    0x01, 0x03, 0x01, 0x40, 0x3c, 0x04, 0x04, 0x1d, 0x1c, 0x39, 0x02, 0x0c,
    0x3c, 0x05, 0x02, 0x1d, 0x09, 0x06, 0x06, 0x2b, 0x3d, 0x14, 0x02, 0x3b,
    0x2c, 0x05, 0x06, 0x06, 0x3c, 0x07, 0x00, 0x3d, 0x14, 0x02, 0x3b, 0x2b,
    0x05, 0x06, 0x06, 0x06, 0x08, 0x3d, 0x14, 0x02, 0x3b, 0x2b, 0x05, 0x06,
    0x06, 0x06, 0x09, 0x3d, 0x14, 0x02, 0x3b, 0x2b, 0x05, 0x06, 0x06, 0x06,
    0x0a, 0x3d, 0x14, 0x02, 0x3b, 0x2b, 0x05, 0x06, 0x06, 0x06, 0x0b, 0x3d,
    0x14, 0x02, 0x3b, 0x2b, 0x05, 0xb5, 0x01, 0x05, 0x02, 0x60, 0x00, 0x09,
    0x0c, 0x04, 0x58, 0x01, 0xde, 0x03, 0xac, 0x03, 0xa2, 0x03, 0xce, 0x03,
    0x96, 0x02, 0xb0, 0x03, 0xd0, 0x0c, 0x0b, 0x01, 0x00, 0x1e, 0x1d, 0x19,
    0x3d, 0x1f, 0x00, 0x3a, 0x01, 0x39, 0x01, 0x06, 0x00, 0x1e, 0x1d, 0x02,
    0x2c, 0x05, 0x39, 0x01, 0x3c, 0x01, 0x01, 0x3b, 0x01, 0x00, 0x3e, 0x02,
    0x01, 0x0b, 0x06, 0x03, 0x3d, 0x13, 0x01, 0x3c, 0x04, 0x02, 0x3a, 0x02,
    0x39, 0x02, 0x1d, 0x28, 0x06, 0x05, 0x2b, 0x3d, 0x14, 0x02, 0x3b, 0x39,
    0x02, 0x3a, 0x03, 0x39, 0x03, 0x3c, 0x06, 0x01, 0x3a, 0x04, 0x39, 0x04,
    0x3a, 0x05, 0x39, 0x05, 0x2b, 0x3c, 0x07, 0x02, 0x3d, 0x1d, 0x01, 0x3d,
    0x1e, 0x01, 0x3b, 0x01, 0x00, 0x3e, 0x02, 0x01, 0x06, 0x05, 0x06, 0x08,
    0x3d, 0x14, 0x02, 0x3b, 0x2b, 0x05, 0xb5, 0x02, 0x12, 0x02, 0x96, 0x00,
    0x03, 0x9a, 0x02, 0x96, 0x02, 0x08, 0x00, 0x0b, 0x3a, 0x03, 0x39, 0x03,
    0x3c, 0x00, 0x01, 0x1d, 0x48, 0x39, 0x03, 0x35, 0x3a, 0x04, 0x39, 0x04,
    0x35, 0x3a, 0x05, 0x39, 0x05, 0x35, 0x3a, 0x06, 0x39, 0x06, 0x35, 0x3a,
    0x07, 0x39, 0x07, 0x35, 0x3a, 0x08, 0x39, 0x08, 0x35, 0x3a, 0x09, 0x39,
    0x09, 0x35, 0x3a, 0x0a, 0x39, 0x0a, 0x35, 0x3a, 0x0b, 0x39, 0x03, 0x34,
    0x39, 0x04, 0x34, 0x39, 0x03, 0x3c, 0x01, 0x01, 0x39, 0x06, 0x34, 0x39,
    0x07, 0x34, 0x39, 0x08, 0x34, 0x39, 0x09, 0x34, 0x2b, 0x39, 0x0b, 0x34,
    0x3c, 0x02, 0x09, 0x1c, 0x02, 0x39, 0x03, 0x3a, 0x02, 0x39, 0x02, 0x35,
    0x3a, 0x0c, 0x39, 0x0c, 0x35, 0x3a, 0x0d, 0x39, 0x0d, 0x35, 0x3a, 0x0e,
    0x39, 0x0e, 0x35, 0x3a, 0x0f, 0x39, 0x0f, 0x35, 0x3a, 0x10, 0x39, 0x10,
    0x35, 0x3a, 0x11, 0x39, 0x11, 0x35, 0x3a, 0x12, 0x39, 0x12, 0x35, 0x3a,
    0x13, 0x39, 0x02, 0x34, 0x0c, 0x39, 0x0d, 0x34, 0x39, 0x0e, 0x34, 0x39,
    0x0f, 0x34, 0x2b, 0x39, 0x11, 0x34, 0x2b, 0x39, 0x13, 0x34, 0x3e, 0x02,
    0x09, 0xb5, 0x01, 0x03, 0x02, 0x6d, 0x00, 0x0b, 0xfc, 0x02, 0x94, 0x02,
    0x92, 0x02, 0xa6, 0x03, 0xd8, 0x03, 0xa8, 0x03, 0x1a, 0x03, 0xce, 0x03,
    0xdc, 0x0c, 0x04, 0x03, 0xec, 0x0c, 0x0b, 0x3c, 0x00, 0x01, 0x3a, 0x01,
    0x39, 0x01, 0x3a, 0x03, 0x39, 0x03, 0x3c, 0x01, 0x01, 0x3d, 0x00, 0x01,
    0x1d, 0x07, 0x39, 0x03, 0x3c, 0x01, 0x01, 0x1c, 0x12, 0x39, 0x03, 0x3c,
    0x02, 0x01, 0x3d, 0x00, 0x01, 0x1d, 0x07, 0x39, 0x03, 0x3c, 0x02, 0x01,
    0x1c, 0x01, 0x2b, 0x3a, 0x02, 0x39, 0x02, 0x1d, 0x34, 0x39, 0x01, 0x3c,
    0x03, 0x01, 0x3b, 0x39, 0x02, 0x39, 0x01, 0x3c, 0x02, 0x01, 0x3c, 0x04,
    0x02, 0x1d, 0x1b, 0x0b, 0x39, 0x01, 0x3c, 0x02, 0x01, 0x3c, 0x05, 0x01,
    0x3c, 0x06, 0x02, 0x3c, 0x07, 0x00, 0x1d, 0x05, 0x3c, 0x07, 0x00, 0x1c,
    0x02, 0x06, 0x08, 0x3e, 0x09, 0x02, 0x0b, 0x3c, 0x07, 0x00, 0x3e, 0x09,
    0x02, 0x0b, 0x06, 0x0a, 0x3e, 0x09, 0x02, 0xb5, 0x02, 0x00, 0x02, 0x24,
    0x00, 0x07, 0xd6, 0x03, 0xa8, 0x03, 0x1a, 0x03, 0xfa, 0x0c, 0x04, 0x03,
    0xce, 0x03, 0x0a, 0x0d, 0x0c, 0x1d, 0x1b, 0x0c, 0x0c, 0x3c, 0x00, 0x02,
    0x1d, 0x0d, 0x0b, 0x0c, 0x3c, 0x01, 0x01, 0x3c, 0x02, 0x02, 0x06, 0x03,
    0x3e, 0x04, 0x02, 0x0b, 0x3c, 0x05, 0x00, 0x3e, 0x04, 0x02, 0x0b, 0x06,
    0x06, 0x3e, 0x04, 0x02, 0xb5, 0x03, 0x01, 0x02, 0x38, 0x00, 0x01, 0xe6,
    0x03, 0x0c, 0x0b, 0x3d, 0x03, 0x01, 0x12, 0x1d, 0x2e, 0x0b, 0x0c, 0x3d,
    0x04, 0x02, 0x3a, 0x03, 0x39, 0x03, 0x01, 0x30, 0x12, 0x2a, 0x1d, 0x08,
    0x39, 0x03, 0x01, 0x39, 0x13, 0x2a, 0x1c, 0x01, 0x2b, 0x1d, 0x12, 0x0b,
    0x0c, 0x01, 0x01, 0x02, 0x0d, 0x01, 0x0a, 0x0f, 0x39, 0x03, 0x01, 0x30,
    0x0e, 0x02, 0x3e, 0x00, 0x03, 0x2b, 0x05, 0x0d, 0x05, 0xb5, 0x03, 0x03,
    0x02, 0x6c, 0x00, 0x0b, 0xe9, 0x07, 0xe6, 0x03, 0xfc, 0x02, 0xa4, 0x02,
    0xa2, 0x02, 0x1a, 0x03, 0x16, 0x0d, 0x04, 0x03, 0x30, 0x0d, 0x40, 0x0d,
    0x60, 0x0d, 0x0c, 0x06, 0x00, 0x1e, 0x1d, 0x60, 0x0d, 0x3d, 0x03, 0x01,
    0x01, 0x00, 0x13, 0x1d, 0x51, 0x0d, 0x01, 0x00, 0x01, 0x00, 0x3c, 0x01,
    0x03, 0x3a, 0x03, 0x39, 0x03, 0x1d, 0x3d, 0x0b, 0x3c, 0x02, 0x01, 0x3c,
    0x03, 0x01, 0x3a, 0x04, 0x39, 0x03, 0x01, 0x01, 0x12, 0x1d, 0x04, 0x01,
    0x00, 0x1c, 0x13, 0x39, 0x03, 0x39, 0x04, 0x12, 0x1d, 0x07, 0x39, 0x03,
    0x01, 0x01, 0x0e, 0x1c, 0x05, 0x39, 0x04, 0x01, 0x01, 0x0e, 0x3a, 0x05,
    0x0b, 0x0b, 0x3c, 0x02, 0x01, 0x39, 0x05, 0x01, 0x00, 0x3c, 0x04, 0x03,
    0x3c, 0x05, 0x02, 0x06, 0x06, 0x3e, 0x07, 0x02, 0x0b, 0x06, 0x08, 0x3e,
    0x07, 0x02, 0x0b, 0x06, 0x09, 0x3e, 0x07, 0x02, 0x0b, 0x06, 0x0a, 0x3e,
    0x07, 0x02, 0xb5, 0x01, 0x01, 0x02, 0x3c, 0x00, 0x0a, 0xd5, 0x07, 0x78,
    0x0d, 0x7a, 0x0d, 0xfc, 0x02, 0x94, 0x02, 0x92, 0x02, 0xd2, 0x03, 0xcc,
    0x03, 0xd4, 0x00, 0x08, 0x03, 0x0b, 0x06, 0x00, 0x06, 0x01, 0x06, 0x02,
    0x0b, 0x3c, 0x03, 0x01, 0x3a, 0x01, 0x39, 0x01, 0x3c, 0x04, 0x01, 0x3d,
    0x00, 0x01, 0x1d, 0x07, 0x39, 0x01, 0x3c, 0x04, 0x01, 0x1c, 0x12, 0x39,
    0x01, 0x3c, 0x05, 0x01, 0x3d, 0x00, 0x01, 0x1d, 0x07, 0x39, 0x01, 0x3c,
    0x05, 0x01, 0x1c, 0x01, 0x2b, 0x06, 0x06, 0x3c, 0x07, 0x00, 0x35, 0x3c,
    0x08, 0x02, 0x3e, 0x09, 0x06, 0xb5, 0x01, 0x01, 0x02, 0x3c, 0x00, 0x0a,
    0xd9, 0x07, 0x94, 0x0d, 0x96, 0x0d, 0xfc, 0x02, 0x94, 0x02, 0x92, 0x02,
    0xd2, 0x03, 0xcc, 0x03, 0xd4, 0x00, 0x08, 0x03, 0x0b, 0x06, 0x00, 0x06,
    0x01, 0x06, 0x02, 0x0b, 0x3c, 0x03, 0x01, 0x3a, 0x01, 0x39, 0x01, 0x3c,
    0x04, 0x01, 0x3d, 0x00, 0x01, 0x1d, 0x07, 0x39, 0x01, 0x3c, 0x04, 0x01,
    0x1c, 0x12, 0x39, 0x01, 0x3c, 0x05, 0x01, 0x3d, 0x00, 0x01, 0x1d, 0x07,
    0x39, 0x01, 0x3c, 0x05, 0x01, 0x1c, 0x01, 0x2b, 0x06, 0x06, 0x3c, 0x07,
    0x00, 0x35, 0x3c, 0x08, 0x02, 0x3e, 0x09, 0x06, 0xb5, 0x03, 0x03, 0x02,
    0xca, 0x00, 0x15, 0xd5, 0x07, 0xe4, 0x03, 0xd9, 0x07, 0xfc, 0x02, 0xa6,
    0x03, 0x92, 0x02, 0xd8, 0x03, 0xa8, 0x03, 0x1a, 0x03, 0xce, 0x03, 0xa2,
    0x0d, 0x04, 0x03, 0xb2, 0x0d, 0xdd, 0x07, 0xc4, 0x0d, 0xd8, 0x0d, 0xe1,
    0x07, 0xda, 0x03, 0xd4, 0x01, 0xea, 0x0d, 0x02, 0x0e, 0x0c, 0x06, 0x00,
    0x1e, 0x1d, 0x05, 0x0b, 0x0d, 0x3e, 0x01, 0x02, 0x0c, 0x06, 0x02, 0x1e,
    0x1d, 0x4e, 0x0b, 0x3a, 0x03, 0x0d, 0x3a, 0x04, 0x39, 0x03, 0x3c, 0x03,
    0x01, 0x3a, 0x05, 0x39, 0x04, 0x1d, 0x36, 0x39, 0x05, 0x3c, 0x04, 0x01,
    0x3b, 0x39, 0x04, 0x39, 0x05, 0x3c, 0x05, 0x01, 0x3c, 0x06, 0x02, 0x1d,
    0x1c, 0x39, 0x03, 0x39, 0x05, 0x3c, 0x05, 0x01, 0x3c, 0x07, 0x01, 0x3c,
    0x08, 0x02, 0x3c, 0x09, 0x00, 0x1d, 0x05, 0x3c, 0x09, 0x00, 0x1c, 0x02,
    0x06, 0x0a, 0x3e, 0x0b, 0x02, 0x39, 0x03, 0x3c, 0x09, 0x00, 0x3e, 0x0b,
    0x02, 0x39, 0x03, 0x06, 0x0c, 0x3e, 0x0b, 0x02, 0x0c, 0x06, 0x0d, 0x1e,
    0x1d, 0x1e, 0x0d, 0x1d, 0x15, 0x0b, 0x3c, 0x03, 0x01, 0x3c, 0x04, 0x01,
    0x3b, 0x0b, 0x0d, 0x3c, 0x07, 0x01, 0x3c, 0x08, 0x02, 0x06, 0x0e, 0x3e,
    0x0b, 0x02, 0x0b, 0x06, 0x0f, 0x3e, 0x0b, 0x02, 0x0c, 0x06, 0x10, 0x1e,
    0x1d, 0x3f, 0x0d, 0x1d, 0x36, 0x0b, 0x3c, 0x03, 0x01, 0x3c, 0x04, 0x01,
    0x3b, 0x0d, 0x0b, 0x3c, 0x03, 0x01, 0x3c, 0x05, 0x01, 0x3c, 0x11, 0x02,
    0x1d, 0x1a, 0x0d, 0x3c, 0x12, 0x01, 0x1d, 0x06, 0x0b, 0x06, 0x13, 0x3e,
    0x0b, 0x02, 0x06, 0x09, 0x06, 0x14, 0x3d, 0x14, 0x02, 0x3b, 0x0b, 0x06,
    0x14, 0x3e, 0x0b, 0x02, 0x0b, 0x3c, 0x09, 0x00, 0x3e, 0x0b, 0x02, 0x0b,
    0x06, 0x0c, 0x3e, 0x0b, 0x02, 0x2b, 0x05, 0xb5, 0x04, 0x02, 0x02, 0x5e,
    0x00, 0x0a, 0xee, 0x03, 0x2c, 0x0e, 0x2e, 0x0e, 0x02, 0x03, 0x40, 0x01,
    0x30, 0x0e, 0xe9, 0x07, 0xe8, 0x03, 0x50, 0x0e, 0x04, 0x03, 0x0d, 0x3d,
    0x03, 0x01, 0x01, 0x00, 0x13, 0x1d, 0x03, 0x0d, 0x1c, 0x02, 0x38, 0x03,
    0x3a, 0x04, 0x0b, 0x0c, 0x39, 0x04, 0x3c, 0x00, 0x03, 0x3a, 0x05, 0x39,
    0x05, 0x1d, 0x03, 0x39, 0x05, 0x05, 0x0c, 0x06, 0x01, 0x1e, 0x1d, 0x09,
    0x06, 0x02, 0x0b, 0x0c, 0x39, 0x04, 0x3e, 0x03, 0x04, 0x0c, 0x06, 0x04,
    0x1e, 0x1d, 0x16, 0x06, 0x02, 0x0b, 0x0d, 0x3d, 0x03, 0x01, 0x01, 0x00,
    0x13, 0x1d, 0x03, 0x0c, 0x1c, 0x02, 0x06, 0x05, 0x39, 0x04, 0x3e, 0x03,
    0x04, 0x0c, 0x06, 0x06, 0x1e, 0x1d, 0x07, 0x0b, 0x0c, 0x39, 0x04, 0x3e,
    0x07, 0x03, 0x0b, 0x06, 0x08, 0x3e, 0x09, 0x02
};
#endif /* LISP65_STDLIB_EXTERNAL_BLOB */

#ifdef LISP65_BYTECODE_STDLIB_EMIT_METADATA
static const char lisp65_bc_boot_str_182[] LISP65_STDLIB_BOOTDATA = "list";
static const char lisp65_bc_boot_str_183[] LISP65_STDLIB_BOOTDATA = "reverse";
static const char lisp65_bc_boot_str_184[] LISP65_STDLIB_BOOTDATA = "length";
static const char lisp65_bc_boot_str_185[] LISP65_STDLIB_BOOTDATA = "";
static const char lisp65_bc_boot_str_186[] LISP65_STDLIB_BOOTDATA = "append";
static const char lisp65_bc_boot_str_187[] LISP65_STDLIB_BOOTDATA = "*ide-kill-ring*";
static const char lisp65_bc_boot_str_188[] LISP65_STDLIB_BOOTDATA = "boundp";
static const char lisp65_bc_boot_str_189[] LISP65_STDLIB_BOOTDATA = "control";
static const char lisp65_bc_boot_str_190[] LISP65_STDLIB_BOOTDATA = "member";
static const char lisp65_bc_boot_str_191[] LISP65_STDLIB_BOOTDATA = "meta";
static const char lisp65_bc_boot_str_192[] LISP65_STDLIB_BOOTDATA = "number->string";
static const char lisp65_bc_boot_str_193[] LISP65_STDLIB_BOOTDATA = "/";
static const char lisp65_bc_boot_str_194[] LISP65_STDLIB_BOOTDATA = "string-append";
static const char lisp65_bc_boot_str_195[] LISP65_STDLIB_BOOTDATA = "apply";
static const char lisp65_bc_boot_str_196[] LISP65_STDLIB_BOOTDATA = "load idex";
static const char lisp65_bc_boot_str_197[] LISP65_STDLIB_BOOTDATA = "substring";
static const char lisp65_bc_boot_str_198[] LISP65_STDLIB_BOOTDATA = "string-equal";
static const char lisp65_bc_boot_str_199[] LISP65_STDLIB_BOOTDATA = "%ide-mini-history";
static const char lisp65_bc_boot_str_200[] LISP65_STDLIB_BOOTDATA = "search";
static const char lisp65_bc_boot_str_201[] LISP65_STDLIB_BOOTDATA = "cancelled";
static const char lisp65_bc_boot_str_202[] LISP65_STDLIB_BOOTDATA = "*directory*";
static const char lisp65_bc_boot_str_203[] LISP65_STDLIB_BOOTDATA = "string=";
static const char lisp65_bc_boot_str_204[] LISP65_STDLIB_BOOTDATA = "Buffer: ";
static const char lisp65_bc_boot_str_205[] LISP65_STDLIB_BOOTDATA = "switched";
static const char lisp65_bc_boot_str_206[] LISP65_STDLIB_BOOTDATA = "Compile+load: ";
static const char lisp65_bc_boot_str_207[] LISP65_STDLIB_BOOTDATA = "fasl0";
static const char lisp65_bc_boot_str_208[] LISP65_STDLIB_BOOTDATA = "remove-if-not";
static const char lisp65_bc_boot_str_209[] LISP65_STDLIB_BOOTDATA = "Goto line: ";
static const char lisp65_bc_boot_str_210[] LISP65_STDLIB_BOOTDATA = "evaluated";
static const char lisp65_bc_boot_str_211[] LISP65_STDLIB_BOOTDATA = "motion";
static const char lisp65_bc_boot_str_212[] LISP65_STDLIB_BOOTDATA = "sources";
static const char lisp65_bc_boot_str_213[] LISP65_STDLIB_BOOTDATA = "*buffer*";
static const char lisp65_bc_boot_str_214[] LISP65_STDLIB_BOOTDATA = "[";
static const char lisp65_bc_boot_str_215[] LISP65_STDLIB_BOOTDATA = "]";
static const char lisp65_bc_boot_str_216[] LISP65_STDLIB_BOOTDATA = "-- ";
static const char lisp65_bc_boot_str_217[] LISP65_STDLIB_BOOTDATA = " *";
static const char lisp65_bc_boot_str_218[] LISP65_STDLIB_BOOTDATA = " ";
static const char lisp65_bc_boot_str_219[] LISP65_STDLIB_BOOTDATA = " L";
static const char lisp65_bc_boot_str_220[] LISP65_STDLIB_BOOTDATA = " -- ";
static const char lisp65_bc_boot_str_221[] LISP65_STDLIB_BOOTDATA = "screen-bulk-p";
static const char lisp65_bc_boot_str_222[] LISP65_STDLIB_BOOTDATA = " M-x ";
static const char lisp65_bc_boot_str_223[] LISP65_STDLIB_BOOTDATA = "scratch";
static const char lisp65_bc_boot_str_224[] LISP65_STDLIB_BOOTDATA = "%load-entry-match-p";
static const char lisp65_bc_boot_str_225[] LISP65_STDLIB_BOOTDATA = "%load-entry-byte";
static const char lisp65_bc_boot_str_226[] LISP65_STDLIB_BOOTDATA = "1+";
static const char lisp65_bc_boot_str_227[] LISP65_STDLIB_BOOTDATA = "%disk-directory-link-valid-p";
static const char lisp65_bc_boot_str_228[] LISP65_STDLIB_BOOTDATA = "1-";
static const char lisp65_bc_boot_str_229[] LISP65_STDLIB_BOOTDATA = "m65d-save";
static const char lisp65_bc_boot_str_230[] LISP65_STDLIB_BOOTDATA = "bytecode";
static const char lisp65_bc_boot_str_231[] LISP65_STDLIB_BOOTDATA = "m65d";
static const char lisp65_bc_boot_str_232[] LISP65_STDLIB_BOOTDATA = "load-lib";
static const char lisp65_bc_boot_str_233[] LISP65_STDLIB_BOOTDATA = "m65d-remount";
static const char lisp65_bc_boot_str_234[] LISP65_STDLIB_BOOTDATA = "bad name";
static const char lisp65_bc_boot_str_235[] LISP65_STDLIB_BOOTDATA = "duplicate name";
static const char lisp65_bc_boot_str_236[] LISP65_STDLIB_BOOTDATA = "too large";
static const char lisp65_bc_boot_str_237[] LISP65_STDLIB_BOOTDATA = "no space";
static const char lisp65_bc_boot_str_238[] LISP65_STDLIB_BOOTDATA = "directory full";
static const char lisp65_bc_boot_str_239[] LISP65_STDLIB_BOOTDATA = "disk invalid";
static const char lisp65_bc_boot_str_240[] LISP65_STDLIB_BOOTDATA = "write/verify failed";
static const char lisp65_bc_boot_str_241[] LISP65_STDLIB_BOOTDATA = "remount required";
static const char lisp65_bc_boot_str_242[] LISP65_STDLIB_BOOTDATA = "saved; old space leaked";
static const char lisp65_bc_boot_str_243[] LISP65_STDLIB_BOOTDATA = "product media is read-only";
static const char lisp65_bc_boot_str_244[] LISP65_STDLIB_BOOTDATA = "persistence failed";
static const char lisp65_bc_boot_str_245[] LISP65_STDLIB_BOOTDATA = "medium changed during write; check both disks";
static const char lisp65_bc_boot_str_246[] LISP65_STDLIB_BOOTDATA = "nth";
static const char lisp65_bc_boot_str_247[] LISP65_STDLIB_BOOTDATA = "persistence unavailable";
static const char lisp65_bc_boot_str_248[] LISP65_STDLIB_BOOTDATA = "%load-entry-used-p";
static const char lisp65_bc_boot_str_249[] LISP65_STDLIB_BOOTDATA = "compile-error";
static const char lisp65_bc_boot_str_250[] LISP65_STDLIB_BOOTDATA = "compile failed";
static const char lisp65_bc_boot_str_251[] LISP65_STDLIB_BOOTDATA = "idex";
static const char lisp65_bc_boot_str_252[] LISP65_STDLIB_BOOTDATA = "an";
static const char lisp65_bc_boot_str_253[] LISP65_STDLIB_BOOTDATA = "out";
static const char lisp65_bc_boot_str_254[] LISP65_STDLIB_BOOTDATA = "fasl";
static const char lisp65_bc_boot_str_255[] LISP65_STDLIB_BOOTDATA = "source missing";
static const char lisp65_bc_boot_str_256[] LISP65_STDLIB_BOOTDATA = "not source";
static const char lisp65_bc_boot_str_257[] LISP65_STDLIB_BOOTDATA = "buffer missing";
static const char lisp65_bc_boot_str_258[] LISP65_STDLIB_BOOTDATA = "compile-string";
static const char lisp65_bc_boot_str_259[] LISP65_STDLIB_BOOTDATA = "slot missing";
static const char lisp65_bc_boot_str_260[] LISP65_STDLIB_BOOTDATA = "not fasl";
static const char lisp65_bc_boot_str_261[] LISP65_STDLIB_BOOTDATA = "%fasl-eof";
static const char lisp65_bc_boot_str_262[] LISP65_STDLIB_BOOTDATA = "lcc-run";
static const char lisp65_bc_boot_str_263[] LISP65_STDLIB_BOOTDATA = "saved";
static const char lisp65_bc_boot_str_264[] LISP65_STDLIB_BOOTDATA = "no file";
static const char lisp65_bc_boot_str_265[] LISP65_STDLIB_BOOTDATA = "loaded";
static const char lisp65_bc_boot_str_266[] LISP65_STDLIB_BOOTDATA = "moved";
static const char lisp65_bc_boot_str_267[] LISP65_STDLIB_BOOTDATA = "invalid line";
static const char lisp65_bc_boot_str_268[] LISP65_STDLIB_BOOTDATA = "no line";
static const char lisp65_bc_boot_str_269[] LISP65_STDLIB_BOOTDATA = "unknown command";
static const char lisp65_bc_boot_str_270[] LISP65_STDLIB_BOOTDATA = "Find file: ";
static const char lisp65_bc_boot_str_271[] LISP65_STDLIB_BOOTDATA = "Write file: ";
static const char lisp65_bc_boot_str_272[] LISP65_STDLIB_BOOTDATA = "no buffer";
static const char lisp65_bc_boot_str_273[] LISP65_STDLIB_BOOTDATA = "compiled";
static const char lisp65_bc_boot_str_274[] LISP65_STDLIB_BOOTDATA = "load failed";
static const char lisp65_bc_boot_str_275[] LISP65_STDLIB_BOOTDATA = "execute-command";
static const char lisp65_bc_boot_str_276[] LISP65_STDLIB_BOOTDATA = "mini";
static const char lisp65_bc_boot_str_277[] LISP65_STDLIB_BOOTDATA = "search-next";

const uint16_t lisp65_bytecode_stdlib_literal_index[] LISP65_STDLIB_BOOTDATA = {
    0, 1, 2, 3, 4, 5, 6, 7, 8, 9, 10, 11,
    12, 13, 14, 15, 16, 17, 18, 19, 20, 21, 22, 23,
    24, 25, 26, 27, 28, 29, 30, 31, 32, 33, 34, 35,
    36, 37, 38, 39, 40, 41, 42, 43, 44, 45, 46, 47,
    48, 49, 50, 51, 52, 53, 54, 55, 56, 57, 58, 59,
    60, 61, 62, 63, 64, 65, 66, 67, 68, 69, 70, 71,
    72, 73, 74, 75, 76, 77, 78, 79, 80, 81, 82, 83,
    84, 85, 86, 87, 88, 89, 90, 91, 92, 93, 94, 95,
    96, 97, 98, 99, 100, 101, 102, 103, 104, 105, 106, 107,
    108, 109, 110, 111, 112, 113, 114, 115, 116, 117, 118, 119,
    120, 121, 122, 123, 124, 125, 126, 127, 128, 129, 130, 131,
    132, 133, 134, 135, 136, 137, 138, 139, 140, 141, 142, 143,
    144, 145, 146, 147, 148, 149, 150, 151, 152, 153, 154, 155,
    156, 157, 158, 159, 160, 161, 162, 163, 164, 165, 167, 168,
    169, 170, 171, 172, 173, 174, 175, 176, 177, 178, 179, 180,
    181, 182, 183, 184, 185, 186, 187, 188, 189, 190, 191, 192,
    193, 194, 195, 196, 197, 198, 199, 200, 166, 201, 202, 203,
    204, 205, 206, 207, 208, 209, 210, 211, 212, 213, 214, 215,
    216, 217, 218, 219, 220, 221, 222, 223, 224, 225, 226, 227,
    228, 229, 230, 231, 232, 233, 234, 235, 236, 237, 238, 239,
    240, 241, 242, 243, 244, 245, 246, 247, 248, 249, 250, 251,
    252, 253, 254, 255, 256, 257, 258, 259, 260, 261, 262, 263,
    264, 265, 266, 267, 268, 269, 270, 271, 272, 273, 274, 275,
    276, 277, 278, 279, 280, 281, 282, 283, 284, 285, 286, 287,
    288, 289, 290, 291, 292, 293, 294, 295, 296, 297, 298, 299,
    300, 301, 302, 303, 304, 305, 306, 307, 308, 309, 310, 311,
    312, 313, 314, 315, 316, 317, 318, 319, 320, 321, 322, 323,
    324, 325, 326, 327, 328, 329, 330, 331, 332, 333, 334, 335,
    336, 337, 338, 339, 340, 341, 342, 343, 344, 345, 346, 347,
    348, 349, 350, 351, 352, 353, 354, 355, 356, 357, 358, 359,
    360, 361, 362, 363, 364, 365, 366, 367, 368, 369, 370, 371,
    372, 373, 374, 375, 376, 377, 378, 379, 380, 381, 382, 383,
    384, 385, 386, 387, 388, 389, 390, 391, 392, 393, 394, 395,
    396, 397, 398, 399, 400, 401, 402, 403, 404, 405, 406, 407,
    408, 409, 410, 411, 412, 413, 414, 415, 416, 417, 418, 419,
    420, 421, 422, 423, 424, 425, 426, 427, 428, 429, 430, 431,
    432, 433, 434, 435, 436, 437, 438, 439, 440, 441, 442, 443,
    444, 445, 446, 447, 448, 449, 450, 451, 452, 453, 454, 455,
    456, 457, 458, 459, 460, 461, 462, 463, 464, 465, 466, 467,
    468, 469, 470, 471, 472, 473, 474, 475, 476, 477, 478, 479,
    480, 481, 482, 483, 484, 485, 486, 487, 488, 489, 490, 491,
    492, 493, 494, 495, 496, 497, 498, 499, 500, 501, 502, 503,
    504, 505, 506, 507, 508, 509, 510, 511, 512, 513, 514, 515,
    516, 517, 518, 519, 520, 521, 522, 523, 524, 525, 526, 527,
    528, 529, 530, 531, 532, 533, 534, 535, 536, 537, 538, 539,
    540, 541, 542, 543, 544, 545, 546, 547, 548, 549, 550, 551,
    552, 553, 554, 555, 556, 557, 558, 559, 560, 561, 562, 563,
    564, 565, 566, 567, 568, 569, 570, 571, 572, 573, 574, 575,
    576, 577, 578, 579, 580, 581, 582, 583, 584, 585, 586, 587,
    588, 589, 590, 591, 592, 593, 594, 595, 596, 597, 598, 599,
    600, 601, 602, 603, 604, 605, 606, 607, 608, 609, 610, 611,
    612, 613, 614, 615, 616, 617, 618, 619, 620, 621, 622, 623,
    624, 625, 626, 627, 628, 629, 630, 631, 632, 633, 634, 635,
    636, 637, 638, 639, 640, 641, 642, 643, 644, 645, 646, 647,
    648, 649, 650, 651, 652, 653, 654, 655, 656, 657, 658, 659,
    660, 661, 662, 663, 664, 665, 666, 667, 668, 669, 670, 671,
    672, 673, 674, 675, 676, 677, 678, 679, 680, 681, 682, 683,
    684, 685, 686, 687, 688, 689, 690, 691, 692, 693, 694, 695,
    696, 697, 698, 699, 700, 701, 702, 703, 704, 705, 706, 707,
    708, 709, 710, 711, 712, 713, 714, 715, 716, 717, 718, 719,
    720, 721, 722, 723, 724, 725, 726, 727, 728, 729, 730, 731,
    732, 733, 734, 735, 736, 737, 738, 739, 740, 741, 742, 743,
    744, 745, 746, 747, 748, 749, 750, 751, 752, 753, 754, 755,
    756, 757, 765, 766, 767, 768, 769, 770, 771, 772, 773, 774,
    775, 776, 758, 759, 760, 761, 762, 763, 764, 777, 778, 779,
    780, 781, 782, 783, 784, 785, 786, 787, 788, 789, 790, 791,
    792, 793, 794, 795, 796, 797, 798, 799, 800, 801, 802, 803,
    804, 805, 806, 807, 808, 809, 810, 811, 812, 813, 814, 815,
    816, 817, 818, 819, 820, 821, 822, 823, 824, 825, 826, 827,
    828, 829, 830, 831, 832, 833, 834, 835, 836, 837, 838, 839,
    840, 841, 842, 843, 844, 845, 846, 847, 848, 849, 850, 851,
    852, 853, 854, 855, 856, 857, 858, 859, 860, 861, 862, 863,
    864, 865, 866, 867, 868, 869, 870, 871, 872, 873, 874, 875,
    876, 877, 878, 879, 880, 881, 882, 883, 884, 885, 886, 887,
    888, 889, 890, 891, 892, 893, 894, 895, 896, 897, 898, 899,
    900, 901, 902, 903, 904, 905, 906, 907, 908, 909, 910, 911,
    912, 913, 914, 915, 916, 917, 918, 919, 920, 921, 922, 923,
    924, 925, 926, 927, 928, 929, 930, 931, 932, 933, 934, 935,
    936, 937, 938, 939, 940, 941, 942, 943, 944, 945, 946
};

const lisp65_bc_literal_node lisp65_bytecode_stdlib_literal_nodes[] LISP65_STDLIB_BOOTDATA = {
    { 8, 0, 0, 0, 0 },
    { 8, 0, 0, 0, 0 },
    { 8, 0, 1, 0, 0 },
    { 4, 0, 0, 0, lisp65_bc_boot_str_038 },
    { 8, 0, 2, 0, 0 },
    { 4, 0, 0, 0, lisp65_bc_boot_str_039 },
    { 4, 0, 0, 0, lisp65_bc_boot_str_008 },
    { 4, 0, 0, 0, lisp65_bc_boot_str_009 },
    { 4, 0, 0, 0, lisp65_bc_boot_str_011 },
    { 8, 0, 1, 0, 0 },
    { 8, 0, 2, 0, 0 },
    { 8, 0, 111, 0, 0 },
    { 8, 0, 113, 0, 0 },
    { 1, 1105, 0, 0, 0 },
    { 4, 0, 0, 0, lisp65_bc_boot_str_182 },
    { 4, 0, 0, 0, lisp65_bc_boot_str_010 },
    { 4, 0, 0, 0, lisp65_bc_boot_str_183 },
    { 8, 0, 21, 0, 0 },
    { 4, 0, 0, 0, lisp65_bc_boot_str_182 },
    { 4, 0, 0, 0, lisp65_bc_boot_str_182 },
    { 4, 0, 0, 0, lisp65_bc_boot_str_008 },
    { 4, 0, 0, 0, lisp65_bc_boot_str_184 },
    { 8, 0, 16, 0, 0 },
    { 7, 0, 0, 0, lisp65_bc_boot_str_185 },
    { 4, 0, 0, 0, lisp65_bc_boot_str_008 },
    { 8, 0, 16, 0, 0 },
    { 4, 0, 0, 0, lisp65_bc_boot_str_009 },
    { 4, 0, 0, 0, lisp65_bc_boot_str_011 },
    { 4, 0, 0, 0, lisp65_bc_boot_str_017 },
    { 8, 0, 19, 0, 0 },
    { 8, 0, 20, 0, 0 },
    { 8, 0, 19, 0, 0 },
    { 8, 0, 20, 0, 0 },
    { 8, 0, 19, 0, 0 },
    { 8, 0, 20, 0, 0 },
    { 8, 0, 23, 0, 0 },
    { 8, 0, 24, 0, 0 },
    { 8, 0, 23, 0, 0 },
    { 8, 0, 24, 0, 0 },
    { 8, 0, 20, 0, 0 },
    { 8, 0, 26, 0, 0 },
    { 4, 0, 0, 0, lisp65_bc_boot_str_183 },
    { 8, 0, 27, 0, 0 },
    { 7, 0, 0, 0, lisp65_bc_boot_str_185 },
    { 8, 0, 28, 0, 0 },
    { 8, 0, 26, 0, 0 },
    { 8, 0, 28, 0, 0 },
    { 8, 0, 27, 0, 0 },
    { 8, 0, 26, 0, 0 },
    { 8, 0, 27, 0, 0 },
    { 4, 0, 0, 0, lisp65_bc_boot_str_186 },
    { 8, 0, 26, 0, 0 },
    { 8, 0, 27, 0, 0 },
    { 4, 0, 0, 0, lisp65_bc_boot_str_186 },
    { 4, 0, 0, 0, lisp65_bc_boot_str_186 },
    { 8, 0, 34, 0, 0 },
    { 8, 0, 19, 0, 0 },
    { 8, 0, 23, 0, 0 },
    { 4, 0, 0, 0, lisp65_bc_boot_str_186 },
    { 8, 0, 20, 0, 0 },
    { 8, 0, 36, 0, 0 },
    { 4, 0, 0, 0, lisp65_bc_boot_str_033 },
    { 4, 0, 0, 0, lisp65_bc_boot_str_182 },
    { 4, 0, 0, 0, lisp65_bc_boot_str_033 },
    { 8, 0, 36, 0, 0 },
    { 4, 0, 0, 0, lisp65_bc_boot_str_182 },
    { 4, 0, 0, 0, lisp65_bc_boot_str_009 },
    { 4, 0, 0, 0, lisp65_bc_boot_str_010 },
    { 4, 0, 0, 0, lisp65_bc_boot_str_182 },
    { 8, 0, 13, 0, 0 },
    { 4, 0, 0, 0, lisp65_bc_boot_str_008 },
    { 8, 0, 16, 0, 0 },
    { 4, 0, 0, 0, lisp65_bc_boot_str_183 },
    { 4, 0, 0, 0, lisp65_bc_boot_str_031 },
    { 8, 0, 21, 0, 0 },
    { 4, 0, 0, 0, lisp65_bc_boot_str_009 },
    { 4, 0, 0, 0, lisp65_bc_boot_str_011 },
    { 4, 0, 0, 0, lisp65_bc_boot_str_012 },
    { 4, 0, 0, 0, lisp65_bc_boot_str_010 },
    { 8, 0, 21, 0, 0 },
    { 8, 0, 28, 0, 0 },
    { 8, 0, 19, 0, 0 },
    { 8, 0, 20, 0, 0 },
    { 8, 0, 13, 0, 0 },
    { 4, 0, 0, 0, lisp65_bc_boot_str_017 },
    { 4, 0, 0, 0, lisp65_bc_boot_str_029 },
    { 4, 0, 0, 0, lisp65_bc_boot_str_030 },
    { 4, 0, 0, 0, lisp65_bc_boot_str_008 },
    { 4, 0, 0, 0, lisp65_bc_boot_str_009 },
    { 4, 0, 0, 0, lisp65_bc_boot_str_010 },
    { 4, 0, 0, 0, lisp65_bc_boot_str_182 },
    { 8, 0, 13, 0, 0 },
    { 4, 0, 0, 0, lisp65_bc_boot_str_017 },
    { 4, 0, 0, 0, lisp65_bc_boot_str_008 },
    { 4, 0, 0, 0, lisp65_bc_boot_str_032 },
    { 8, 0, 21, 0, 0 },
    { 4, 0, 0, 0, lisp65_bc_boot_str_033 },
    { 8, 0, 22, 0, 0 },
    { 4, 0, 0, 0, lisp65_bc_boot_str_009 },
    { 4, 0, 0, 0, lisp65_bc_boot_str_008 },
    { 8, 0, 16, 0, 0 },
    { 4, 0, 0, 0, lisp65_bc_boot_str_032 },
    { 8, 0, 21, 0, 0 },
    { 8, 0, 13, 0, 0 },
    { 4, 0, 0, 0, lisp65_bc_boot_str_184 },
    { 4, 0, 0, 0, lisp65_bc_boot_str_033 },
    { 8, 0, 22, 0, 0 },
    { 4, 0, 0, 0, lisp65_bc_boot_str_009 },
    { 4, 0, 0, 0, lisp65_bc_boot_str_008 },
    { 8, 0, 16, 0, 0 },
    { 4, 0, 0, 0, lisp65_bc_boot_str_030 },
    { 4, 0, 0, 0, lisp65_bc_boot_str_187 },
    { 4, 0, 0, 0, lisp65_bc_boot_str_029 },
    { 8, 0, 21, 0, 0 },
    { 8, 0, 13, 0, 0 },
    { 4, 0, 0, 0, lisp65_bc_boot_str_184 },
    { 4, 0, 0, 0, lisp65_bc_boot_str_182 },
    { 4, 0, 0, 0, lisp65_bc_boot_str_033 },
    { 8, 0, 22, 0, 0 },
    { 8, 0, 28, 0, 0 },
    { 4, 0, 0, 0, lisp65_bc_boot_str_039 },
    { 4, 0, 0, 0, lisp65_bc_boot_str_009 },
    { 4, 0, 0, 0, lisp65_bc_boot_str_008 },
    { 8, 0, 16, 0, 0 },
    { 4, 0, 0, 0, lisp65_bc_boot_str_029 },
    { 4, 0, 0, 0, lisp65_bc_boot_str_033 },
    { 4, 0, 0, 0, lisp65_bc_boot_str_030 },
    { 8, 0, 21, 0, 0 },
    { 8, 0, 13, 0, 0 },
    { 4, 0, 0, 0, lisp65_bc_boot_str_188 },
    { 4, 0, 0, 0, lisp65_bc_boot_str_187 },
    { 8, 0, 28, 0, 0 },
    { 8, 0, 43, 0, 0 },
    { 4, 0, 0, 0, lisp65_bc_boot_str_009 },
    { 4, 0, 0, 0, lisp65_bc_boot_str_008 },
    { 8, 0, 16, 0, 0 },
    { 8, 0, 34, 0, 0 },
    { 4, 0, 0, 0, lisp65_bc_boot_str_029 },
    { 4, 0, 0, 0, lisp65_bc_boot_str_030 },
    { 8, 0, 37, 0, 0 },
    { 8, 0, 35, 0, 0 },
    { 4, 0, 0, 0, lisp65_bc_boot_str_184 },
    { 8, 0, 13, 0, 0 },
    { 4, 0, 0, 0, lisp65_bc_boot_str_009 },
    { 4, 0, 0, 0, lisp65_bc_boot_str_012 },
    { 4, 0, 0, 0, lisp65_bc_boot_str_011 },
    { 4, 0, 0, 0, lisp65_bc_boot_str_014 },
    { 4, 0, 0, 0, lisp65_bc_boot_str_017 },
    { 4, 0, 0, 0, lisp65_bc_boot_str_009 },
    { 4, 0, 0, 0, lisp65_bc_boot_str_011 },
    { 4, 0, 0, 0, lisp65_bc_boot_str_017 },
    { 4, 0, 0, 0, lisp65_bc_boot_str_012 },
    { 4, 0, 0, 0, lisp65_bc_boot_str_014 },
    { 4, 0, 0, 0, lisp65_bc_boot_str_015 },
    { 4, 0, 0, 0, lisp65_bc_boot_str_009 },
    { 4, 0, 0, 0, lisp65_bc_boot_str_011 },
    { 4, 0, 0, 0, lisp65_bc_boot_str_017 },
    { 4, 0, 0, 0, lisp65_bc_boot_str_012 },
    { 4, 0, 0, 0, lisp65_bc_boot_str_014 },
    { 4, 0, 0, 0, lisp65_bc_boot_str_009 },
    { 4, 0, 0, 0, lisp65_bc_boot_str_011 },
    { 4, 0, 0, 0, lisp65_bc_boot_str_015 },
    { 4, 0, 0, 0, lisp65_bc_boot_str_017 },
    { 4, 0, 0, 0, lisp65_bc_boot_str_012 },
    { 4, 0, 0, 0, lisp65_bc_boot_str_014 },
    { 8, 0, 50, 0, 0 },
    { 4, 0, 0, 0, lisp65_bc_boot_str_057 },
    { 1, 19, 0, 0, 0 },
    { 1, 1001, 0, 0, 0 },
    { 1, 6, 0, 0, 0 },
    { 1, 1002, 0, 0, 0 },
    { 1, 23, 0, 0, 0 },
    { 1, 1004, 0, 0, 0 },
    { 1, 2, 0, 0, 0 },
    { 1, 1006, 0, 0, 0 },
    { 1, 4, 0, 0, 0 },
    { 1, 1007, 0, 0, 0 },
    { 1, 11, 0, 0, 0 },
    { 1, 1008, 0, 0, 0 },
    { 1, 14, 0, 0, 0 },
    { 1, 1009, 0, 0, 0 },
    { 1, 16, 0, 0, 0 },
    { 1, 1010, 0, 0, 0 },
    { 1, 1, 0, 0, 0 },
    { 1, 1120, 0, 0, 0 },
    { 1, 5, 0, 0, 0 },
    { 1, 1121, 0, 0, 0 },
    { 1, 18, 0, 0, 0 },
    { 1, 1122, 0, 0, 0 },
    { 1, 24, 0, 0, 0 },
    { 1, 1123, 0, 0, 0 },
    { 1, 25, 0, 0, 0 },
    { 1, 1124, 0, 0, 0 },
    { 1, 32, 0, 0, 0 },
    { 1, 1115, 0, 0, 0 },
    { 1, 3, 0, 0, 0 },
    { 1, 1015, 0, 0, 0 },
    { 1, 120, 0, 0, 0 },
    { 1, 1013, 0, 0, 0 },
    { 1, 13, 0, 0, 0 },
    { 1, 1013, 0, 0, 0 },
    { 6, 0, 166, 34, 0 },
    { 8, 0, 50, 0, 0 },
    { 1, 13, 0, 0, 0 },
    { 1, 1109, 0, 0, 0 },
    { 1, 20, 0, 0, 0 },
    { 1, 1101, 0, 0, 0 },
    { 1, 157, 0, 0, 0 },
    { 1, 1106, 0, 0, 0 },
    { 1, 29, 0, 0, 0 },
    { 1, 1107, 0, 0, 0 },
    { 1, 145, 0, 0, 0 },
    { 1, 1108, 0, 0, 0 },
    { 1, 17, 0, 0, 0 },
    { 1, 1003, 0, 0, 0 },
    { 1, 4, 0, 0, 0 },
    { 1, 1102, 0, 0, 0 },
    { 1, 6, 0, 0, 0 },
    { 1, 1107, 0, 0, 0 },
    { 1, 2, 0, 0, 0 },
    { 1, 1106, 0, 0, 0 },
    { 1, 19, 0, 0, 0 },
    { 1, 1011, 0, 0, 0 },
    { 1, 12, 0, 0, 0 },
    { 1, 1012, 0, 0, 0 },
    { 1, 14, 0, 0, 0 },
    { 1, 1003, 0, 0, 0 },
    { 1, 16, 0, 0, 0 },
    { 1, 1108, 0, 0, 0 },
    { 1, 10, 0, 0, 0 },
    { 1, 1109, 0, 0, 0 },
    { 1, 1, 0, 0, 0 },
    { 1, 1104, 0, 0, 0 },
    { 1, 5, 0, 0, 0 },
    { 1, 1103, 0, 0, 0 },
    { 1, 15, 0, 0, 0 },
    { 1, 1111, 0, 0, 0 },
    { 1, 21, 0, 0, 0 },
    { 1, 1112, 0, 0, 0 },
    { 1, 23, 0, 0, 0 },
    { 1, 1113, 0, 0, 0 },
    { 1, 18, 0, 0, 0 },
    { 1, 1114, 0, 0, 0 },
    { 1, 22, 0, 0, 0 },
    { 1, 1116, 0, 0, 0 },
    { 1, 26, 0, 0, 0 },
    { 1, 1117, 0, 0, 0 },
    { 1, 11, 0, 0, 0 },
    { 1, 1118, 0, 0, 0 },
    { 1, 25, 0, 0, 0 },
    { 1, 1119, 0, 0, 0 },
    { 6, 0, 203, 48, 0 },
    { 8, 0, 50, 0, 0 },
    { 1, 1001, 0, 0, 0 },
    { 1, 4, 0, 0, 0 },
    { 1, 1002, 0, 0, 0 },
    { 1, 5, 0, 0, 0 },
    { 1, 1003, 0, 0, 0 },
    { 1, 1, 0, 0, 0 },
    { 1, 1004, 0, 0, 0 },
    { 1, 6, 0, 0, 0 },
    { 1, 1006, 0, 0, 0 },
    { 1, 7, 0, 0, 0 },
    { 1, 1007, 0, 0, 0 },
    { 1, 8, 0, 0, 0 },
    { 1, 1008, 0, 0, 0 },
    { 1, 9, 0, 0, 0 },
    { 1, 1009, 0, 0, 0 },
    { 1, 10, 0, 0, 0 },
    { 1, 1010, 0, 0, 0 },
    { 1, 11, 0, 0, 0 },
    { 1, 1011, 0, 0, 0 },
    { 1, 12, 0, 0, 0 },
    { 1, 1012, 0, 0, 0 },
    { 1, 12, 0, 0, 0 },
    { 1, 1013, 0, 0, 0 },
    { 1, 12, 0, 0, 0 },
    { 1, 1014, 0, 0, 0 },
    { 1, 12, 0, 0, 0 },
    { 1, 1015, 0, 0, 0 },
    { 1, 13, 0, 0, 0 },
    { 1, 1101, 0, 0, 0 },
    { 1, 1, 0, 0, 0 },
    { 1, 1102, 0, 0, 0 },
    { 1, 1, 0, 0, 0 },
    { 1, 1103, 0, 0, 0 },
    { 1, 3, 0, 0, 0 },
    { 1, 1104, 0, 0, 0 },
    { 1, 2, 0, 0, 0 },
    { 1, 1106, 0, 0, 0 },
    { 1, 1, 0, 0, 0 },
    { 1, 1107, 0, 0, 0 },
    { 1, 1, 0, 0, 0 },
    { 1, 1108, 0, 0, 0 },
    { 1, 1, 0, 0, 0 },
    { 1, 1109, 0, 0, 0 },
    { 1, 1, 0, 0, 0 },
    { 1, 1110, 0, 0, 0 },
    { 1, 1, 0, 0, 0 },
    { 1, 1111, 0, 0, 0 },
    { 1, 1, 0, 0, 0 },
    { 1, 1112, 0, 0, 0 },
    { 1, 1, 0, 0, 0 },
    { 1, 1113, 0, 0, 0 },
    { 1, 1, 0, 0, 0 },
    { 1, 1114, 0, 0, 0 },
    { 1, 1, 0, 0, 0 },
    { 1, 1115, 0, 0, 0 },
    { 1, 1, 0, 0, 0 },
    { 1, 1116, 0, 0, 0 },
    { 1, 1, 0, 0, 0 },
    { 1, 1117, 0, 0, 0 },
    { 1, 1, 0, 0, 0 },
    { 1, 1118, 0, 0, 0 },
    { 1, 1, 0, 0, 0 },
    { 1, 1119, 0, 0, 0 },
    { 1, 1, 0, 0, 0 },
    { 1, 1120, 0, 0, 0 },
    { 1, 1, 0, 0, 0 },
    { 1, 1121, 0, 0, 0 },
    { 1, 1, 0, 0, 0 },
    { 1, 1122, 0, 0, 0 },
    { 1, 1, 0, 0, 0 },
    { 1, 1123, 0, 0, 0 },
    { 1, 1, 0, 0, 0 },
    { 1, 1124, 0, 0, 0 },
    { 1, 1, 0, 0, 0 },
    { 6, 0, 253, 74, 0 },
    { 8, 0, 50, 0, 0 },
    { 8, 0, 53, 0, 0 },
    { 1, 255, 0, 0, 0 },
    { 4, 0, 0, 0, lisp65_bc_boot_str_189 },
    { 4, 0, 0, 0, lisp65_bc_boot_str_190 },
    { 1, 1115, 0, 0, 0 },
    { 4, 0, 0, 0, lisp65_bc_boot_str_191 },
    { 1, 1013, 0, 0, 0 },
    { 4, 0, 0, 0, lisp65_bc_boot_str_077 },
    { 4, 0, 0, 0, lisp65_bc_boot_str_055 },
    { 8, 0, 56, 0, 0 },
    { 4, 0, 0, 0, lisp65_bc_boot_str_057 },
    { 8, 0, 51, 0, 0 },
    { 8, 0, 52, 0, 0 },
    { 1, 1110, 0, 0, 0 },
    { 4, 0, 0, 0, lisp65_bc_boot_str_192 },
    { 7, 0, 0, 0, lisp65_bc_boot_str_193 },
    { 4, 0, 0, 0, lisp65_bc_boot_str_194 },
    { 4, 0, 0, 0, lisp65_bc_boot_str_182 },
    { 4, 0, 0, 0, lisp65_bc_boot_str_195 },
    { 1, 1118, 0, 0, 0 },
    { 4, 0, 0, 0, lisp65_bc_boot_str_059 },
    { 4, 0, 0, 0, lisp65_bc_boot_str_042 },
    { 8, 0, 74, 0, 0 },
    { 1, 1119, 0, 0, 0 },
    { 4, 0, 0, 0, lisp65_bc_boot_str_044 },
    { 7, 0, 0, 0, lisp65_bc_boot_str_196 },
    { 8, 0, 63, 0, 0 },
    { 4, 0, 0, 0, lisp65_bc_boot_str_182 },
    { 4, 0, 0, 0, lisp65_bc_boot_str_095 },
    { 4, 0, 0, 0, lisp65_bc_boot_str_182 },
    { 1, 1005, 0, 0, 0 },
    { 8, 0, 63, 0, 0 },
    { 7, 0, 0, 0, lisp65_bc_boot_str_185 },
    { 8, 0, 64, 0, 0 },
    { 4, 0, 0, 0, lisp65_bc_boot_str_197 },
    { 4, 0, 0, 0, lisp65_bc_boot_str_198 },
    { 8, 0, 66, 0, 0 },
    { 8, 0, 66, 0, 0 },
    { 4, 0, 0, 0, lisp65_bc_boot_str_029 },
    { 7, 0, 0, 0, lisp65_bc_boot_str_185 },
    { 1, 145, 0, 0, 0 },
    { 4, 0, 0, 0, lisp65_bc_boot_str_199 },
    { 4, 0, 0, 0, lisp65_bc_boot_str_049 },
    { 4, 0, 0, 0, lisp65_bc_boot_str_182 },
    { 4, 0, 0, 0, lisp65_bc_boot_str_186 },
    { 4, 0, 0, 0, lisp65_bc_boot_str_077 },
    { 4, 0, 0, 0, lisp65_bc_boot_str_095 },
    { 4, 0, 0, 0, lisp65_bc_boot_str_200 },
    { 4, 0, 0, 0, lisp65_bc_boot_str_199 },
    { 4, 0, 0, 0, lisp65_bc_boot_str_182 },
    { 8, 0, 63, 0, 0 },
    { 8, 0, 181, 0, 0 },
    { 7, 0, 0, 0, lisp65_bc_boot_str_201 },
    { 8, 0, 67, 0, 0 },
    { 8, 0, 64, 0, 0 },
    { 4, 0, 0, 0, lisp65_bc_boot_str_059 },
    { 4, 0, 0, 0, lisp65_bc_boot_str_009 },
    { 4, 0, 0, 0, lisp65_bc_boot_str_061 },
    { 4, 0, 0, 0, lisp65_bc_boot_str_182 },
    { 4, 0, 0, 0, lisp65_bc_boot_str_182 },
    { 4, 0, 0, 0, lisp65_bc_boot_str_072 },
    { 4, 0, 0, 0, lisp65_bc_boot_str_073 },
    { 4, 0, 0, 0, lisp65_bc_boot_str_070 },
    { 4, 0, 0, 0, lisp65_bc_boot_str_139 },
    { 4, 0, 0, 0, lisp65_bc_boot_str_059 },
    { 4, 0, 0, 0, lisp65_bc_boot_str_009 },
    { 4, 0, 0, 0, lisp65_bc_boot_str_012 },
    { 4, 0, 0, 0, lisp65_bc_boot_str_139 },
    { 8, 0, 78, 0, 0 },
    { 4, 0, 0, 0, lisp65_bc_boot_str_039 },
    { 4, 0, 0, 0, lisp65_bc_boot_str_077 },
    { 4, 0, 0, 0, lisp65_bc_boot_str_038 },
    { 8, 0, 74, 0, 0 },
    { 4, 0, 0, 0, lisp65_bc_boot_str_059 },
    { 4, 0, 0, 0, lisp65_bc_boot_str_006 },
    { 7, 0, 0, 0, lisp65_bc_boot_str_202 },
    { 4, 0, 0, 0, lisp65_bc_boot_str_203 },
    { 4, 0, 0, 0, lisp65_bc_boot_str_018 },
    { 8, 0, 175, 0, 0 },
    { 4, 0, 0, 0, lisp65_bc_boot_str_003 },
    { 8, 0, 74, 0, 0 },
    { 4, 0, 0, 0, lisp65_bc_boot_str_059 },
    { 4, 0, 0, 0, lisp65_bc_boot_str_009 },
    { 4, 0, 0, 0, lisp65_bc_boot_str_018 },
    { 8, 0, 78, 0, 0 },
    { 4, 0, 0, 0, lisp65_bc_boot_str_139 },
    { 4, 0, 0, 0, lisp65_bc_boot_str_041 },
    { 8, 0, 74, 0, 0 },
    { 4, 0, 0, 0, lisp65_bc_boot_str_139 },
    { 4, 0, 0, 0, lisp65_bc_boot_str_059 },
    { 4, 0, 0, 0, lisp65_bc_boot_str_009 },
    { 4, 0, 0, 0, lisp65_bc_boot_str_018 },
    { 4, 0, 0, 0, lisp65_bc_boot_str_014 },
    { 8, 0, 74, 0, 0 },
    { 1, 1110, 0, 0, 0 },
    { 1, 1101, 0, 0, 0 },
    { 4, 0, 0, 0, lisp65_bc_boot_str_139 },
    { 8, 0, 79, 0, 0 },
    { 1, 1109, 0, 0, 0 },
    { 8, 0, 80, 0, 0 },
    { 4, 0, 0, 0, lisp65_bc_boot_str_059 },
    { 4, 0, 0, 0, lisp65_bc_boot_str_009 },
    { 8, 0, 78, 0, 0 },
    { 4, 0, 0, 0, lisp65_bc_boot_str_040 },
    { 8, 0, 74, 0, 0 },
    { 1, 1102, 0, 0, 0 },
    { 8, 0, 81, 0, 0 },
    { 1, 1106, 0, 0, 0 },
    { 4, 0, 0, 0, lisp65_bc_boot_str_045 },
    { 1, 1107, 0, 0, 0 },
    { 4, 0, 0, 0, lisp65_bc_boot_str_046 },
    { 1, 1108, 0, 0, 0 },
    { 4, 0, 0, 0, lisp65_bc_boot_str_047 },
    { 1, 1003, 0, 0, 0 },
    { 4, 0, 0, 0, lisp65_bc_boot_str_048 },
    { 4, 0, 0, 0, lisp65_bc_boot_str_195 },
    { 4, 0, 0, 0, lisp65_bc_boot_str_062 },
    { 4, 0, 0, 0, lisp65_bc_boot_str_059 },
    { 8, 0, 144, 0, 0 },
    { 4, 0, 0, 0, lisp65_bc_boot_str_147 },
    { 1, 1006, 0, 0, 0 },
    { 7, 0, 0, 0, lisp65_bc_boot_str_204 },
    { 7, 0, 0, 0, lisp65_bc_boot_str_185 },
    { 4, 0, 0, 0, lisp65_bc_boot_str_006 },
    { 8, 0, 146, 0, 0 },
    { 8, 0, 65, 0, 0 },
    { 8, 0, 85, 0, 0 },
    { 4, 0, 0, 0, lisp65_bc_boot_str_203 },
    { 8, 0, 20, 0, 0 },
    { 8, 0, 86, 0, 0 },
    { 4, 0, 0, 0, lisp65_bc_boot_str_059 },
    { 4, 0, 0, 0, lisp65_bc_boot_str_010 },
    { 4, 0, 0, 0, lisp65_bc_boot_str_008 },
    { 4, 0, 0, 0, lisp65_bc_boot_str_182 },
    { 4, 0, 0, 0, lisp65_bc_boot_str_147 },
    { 4, 0, 0, 0, lisp65_bc_boot_str_006 },
    { 8, 0, 85, 0, 0 },
    { 8, 0, 86, 0, 0 },
    { 8, 0, 74, 0, 0 },
    { 7, 0, 0, 0, lisp65_bc_boot_str_205 },
    { 8, 0, 63, 0, 0 },
    { 1, 1008, 0, 0, 0 },
    { 7, 0, 0, 0, lisp65_bc_boot_str_206 },
    { 7, 0, 0, 0, lisp65_bc_boot_str_185 },
    { 7, 0, 0, 0, lisp65_bc_boot_str_207 },
    { 8, 0, 167, 0, 0 },
    { 4, 0, 0, 0, lisp65_bc_boot_str_163 },
    { 4, 0, 0, 0, lisp65_bc_boot_str_208 },
    { 8, 0, 65, 0, 0 },
    { 1, 1012, 0, 0, 0 },
    { 7, 0, 0, 0, lisp65_bc_boot_str_209 },
    { 7, 0, 0, 0, lisp65_bc_boot_str_185 },
    { 8, 0, 65, 0, 0 },
    { 1, 1014, 0, 0, 0 },
    { 4, 0, 0, 0, lisp65_bc_boot_str_059 },
    { 8, 0, 144, 0, 0 },
    { 4, 0, 0, 0, lisp65_bc_boot_str_006 },
    { 4, 0, 0, 0, lisp65_bc_boot_str_172 },
    { 7, 0, 0, 0, lisp65_bc_boot_str_210 },
    { 8, 0, 63, 0, 0 },
    { 4, 0, 0, 0, lisp65_bc_boot_str_164 },
    { 4, 0, 0, 0, lisp65_bc_boot_str_211 },
    { 4, 0, 0, 0, lisp65_bc_boot_str_062 },
    { 7, 0, 0, 0, lisp65_bc_boot_str_202 },
    { 8, 0, 166, 0, 0 },
    { 4, 0, 0, 0, lisp65_bc_boot_str_163 },
    { 4, 0, 0, 0, lisp65_bc_boot_str_208 },
    { 4, 0, 0, 0, lisp65_bc_boot_str_005 },
    { 8, 0, 74, 0, 0 },
    { 7, 0, 0, 0, lisp65_bc_boot_str_212 },
    { 8, 0, 63, 0, 0 },
    { 4, 0, 0, 0, lisp65_bc_boot_str_083 },
    { 8, 0, 82, 0, 0 },
    { 8, 0, 174, 0, 0 },
    { 8, 0, 178, 0, 0 },
    { 8, 0, 179, 0, 0 },
    { 8, 0, 84, 0, 0 },
    { 8, 0, 90, 0, 0 },
    { 8, 0, 88, 0, 0 },
    { 8, 0, 87, 0, 0 },
    { 8, 0, 89, 0, 0 },
    { 1, 1015, 0, 0, 0 },
    { 8, 0, 63, 0, 0 },
    { 8, 0, 53, 0, 0 },
    { 8, 0, 91, 0, 0 },
    { 8, 0, 92, 0, 0 },
    { 8, 0, 93, 0, 0 },
    { 1, 1005, 0, 0, 0 },
    { 8, 0, 68, 0, 0 },
    { 4, 0, 0, 0, lisp65_bc_boot_str_057 },
    { 8, 0, 94, 0, 0 },
    { 4, 0, 0, 0, lisp65_bc_boot_str_006 },
    { 7, 0, 0, 0, lisp65_bc_boot_str_213 },
    { 7, 0, 0, 0, lisp65_bc_boot_str_213 },
    { 1, 1005, 0, 0, 0 },
    { 4, 0, 0, 0, lisp65_bc_boot_str_095 },
    { 4, 0, 0, 0, lisp65_bc_boot_str_194 },
    { 7, 0, 0, 0, lisp65_bc_boot_str_214 },
    { 7, 0, 0, 0, lisp65_bc_boot_str_215 },
    { 7, 0, 0, 0, lisp65_bc_boot_str_216 },
    { 7, 0, 0, 0, lisp65_bc_boot_str_217 },
    { 7, 0, 0, 0, lisp65_bc_boot_str_185 },
    { 7, 0, 0, 0, lisp65_bc_boot_str_218 },
    { 7, 0, 0, 0, lisp65_bc_boot_str_219 },
    { 4, 0, 0, 0, lisp65_bc_boot_str_192 },
    { 7, 0, 0, 0, lisp65_bc_boot_str_220 },
    { 8, 0, 28, 0, 0 },
    { 8, 0, 98, 0, 0 },
    { 8, 0, 98, 0, 0 },
    { 4, 0, 0, 0, lisp65_bc_boot_str_197 },
    { 4, 0, 0, 0, lisp65_bc_boot_str_100 },
    { 8, 0, 101, 0, 0 },
    { 4, 0, 0, 0, lisp65_bc_boot_str_183 },
    { 4, 0, 0, 0, lisp65_bc_boot_str_061 },
    { 4, 0, 0, 0, lisp65_bc_boot_str_025 },
    { 8, 0, 101, 0, 0 },
    { 4, 0, 0, 0, lisp65_bc_boot_str_184 },
    { 4, 0, 0, 0, lisp65_bc_boot_str_099 },
    { 4, 0, 0, 0, lisp65_bc_boot_str_097 },
    { 4, 0, 0, 0, lisp65_bc_boot_str_100 },
    { 4, 0, 0, 0, lisp65_bc_boot_str_182 },
    { 4, 0, 0, 0, lisp65_bc_boot_str_186 },
    { 4, 0, 0, 0, lisp65_bc_boot_str_100 },
    { 8, 0, 103, 0, 0 },
    { 8, 0, 28, 0, 0 },
    { 8, 0, 104, 0, 0 },
    { 8, 0, 105, 0, 0 },
    { 4, 0, 0, 0, lisp65_bc_boot_str_061 },
    { 8, 0, 23, 0, 0 },
    { 8, 0, 103, 0, 0 },
    { 4, 0, 0, 0, lisp65_bc_boot_str_184 },
    { 8, 0, 104, 0, 0 },
    { 8, 0, 28, 0, 0 },
    { 4, 0, 0, 0, lisp65_bc_boot_str_182 },
    { 8, 0, 105, 0, 0 },
    { 1, 1005, 0, 0, 0 },
    { 4, 0, 0, 0, lisp65_bc_boot_str_059 },
    { 4, 0, 0, 0, lisp65_bc_boot_str_009 },
    { 4, 0, 0, 0, lisp65_bc_boot_str_061 },
    { 8, 0, 108, 0, 0 },
    { 4, 0, 0, 0, lisp65_bc_boot_str_183 },
    { 8, 0, 108, 0, 0 },
    { 8, 0, 110, 0, 0 },
    { 8, 0, 111, 0, 0 },
    { 8, 0, 112, 0, 0 },
    { 8, 0, 113, 0, 0 },
    { 4, 0, 0, 0, lisp65_bc_boot_str_221 },
    { 8, 0, 111, 0, 0 },
    { 8, 0, 113, 0, 0 },
    { 4, 0, 0, 0, lisp65_bc_boot_str_114 },
    { 8, 0, 115, 0, 0 },
    { 8, 0, 116, 0, 0 },
    { 4, 0, 0, 0, lisp65_bc_boot_str_097 },
    { 4, 0, 0, 0, lisp65_bc_boot_str_097 },
    { 8, 0, 112, 0, 0 },
    { 7, 0, 0, 0, lisp65_bc_boot_str_213 },
    { 7, 0, 0, 0, lisp65_bc_boot_str_216 },
    { 8, 0, 119, 0, 0 },
    { 7, 0, 0, 0, lisp65_bc_boot_str_217 },
    { 7, 0, 0, 0, lisp65_bc_boot_str_220 },
    { 8, 0, 119, 0, 0 },
    { 8, 0, 113, 0, 0 },
    { 8, 0, 120, 0, 0 },
    { 7, 0, 0, 0, lisp65_bc_boot_str_219 },
    { 8, 0, 119, 0, 0 },
    { 4, 0, 0, 0, lisp65_bc_boot_str_192 },
    { 8, 0, 121, 0, 0 },
    { 8, 0, 120, 0, 0 },
    { 7, 0, 0, 0, lisp65_bc_boot_str_218 },
    { 8, 0, 119, 0, 0 },
    { 7, 0, 0, 0, lisp65_bc_boot_str_219 },
    { 4, 0, 0, 0, lisp65_bc_boot_str_192 },
    { 8, 0, 121, 0, 0 },
    { 8, 0, 120, 0, 0 },
    { 7, 0, 0, 0, lisp65_bc_boot_str_222 },
    { 8, 0, 119, 0, 0 },
    { 4, 0, 0, 0, lisp65_bc_boot_str_095 },
    { 4, 0, 0, 0, lisp65_bc_boot_str_194 },
    { 7, 0, 0, 0, lisp65_bc_boot_str_214 },
    { 7, 0, 0, 0, lisp65_bc_boot_str_215 },
    { 8, 0, 121, 0, 0 },
    { 1, 1005, 0, 0, 0 },
    { 8, 0, 124, 0, 0 },
    { 8, 0, 123, 0, 0 },
    { 8, 0, 122, 0, 0 },
    { 8, 0, 117, 0, 0 },
    { 4, 0, 0, 0, lisp65_bc_boot_str_097 },
    { 4, 0, 0, 0, lisp65_bc_boot_str_182 },
    { 8, 0, 125, 0, 0 },
    { 4, 0, 0, 0, lisp65_bc_boot_str_061 },
    { 8, 0, 16, 0, 0 },
    { 4, 0, 0, 0, lisp65_bc_boot_str_100 },
    { 4, 0, 0, 0, lisp65_bc_boot_str_139 },
    { 8, 0, 116, 0, 0 },
    { 8, 0, 126, 0, 0 },
    { 8, 0, 4, 0, 0 },
    { 4, 0, 0, 0, lisp65_bc_boot_str_114 },
    { 1, 129, 0, 0, 0 },
    { 4, 0, 0, 0, lisp65_bc_boot_str_134 },
    { 8, 0, 75, 0, 0 },
    { 8, 0, 128, 0, 0 },
    { 8, 0, 128, 0, 0 },
    { 8, 0, 113, 0, 0 },
    { 8, 0, 128, 0, 0 },
    { 8, 0, 113, 0, 0 },
    { 8, 0, 116, 0, 0 },
    { 4, 0, 0, 0, lisp65_bc_boot_str_139 },
    { 4, 0, 0, 0, lisp65_bc_boot_str_059 },
    { 4, 0, 0, 0, lisp65_bc_boot_str_009 },
    { 8, 0, 126, 0, 0 },
    { 8, 0, 130, 0, 0 },
    { 8, 0, 129, 0, 0 },
    { 8, 0, 131, 0, 0 },
    { 1, 129, 0, 0, 0 },
    { 8, 0, 75, 0, 0 },
    { 4, 0, 0, 0, lisp65_bc_boot_str_009 },
    { 8, 0, 16, 0, 0 },
    { 4, 0, 0, 0, lisp65_bc_boot_str_100 },
    { 8, 0, 116, 0, 0 },
    { 4, 0, 0, 0, lisp65_bc_boot_str_114 },
    { 8, 0, 129, 0, 0 },
    { 8, 0, 126, 0, 0 },
    { 4, 0, 0, 0, lisp65_bc_boot_str_139 },
    { 8, 0, 131, 0, 0 },
    { 1, 129, 0, 0, 0 },
    { 8, 0, 75, 0, 0 },
    { 1, 1005, 0, 0, 0 },
    { 4, 0, 0, 0, lisp65_bc_boot_str_097 },
    { 4, 0, 0, 0, lisp65_bc_boot_str_059 },
    { 4, 0, 0, 0, lisp65_bc_boot_str_009 },
    { 4, 0, 0, 0, lisp65_bc_boot_str_061 },
    { 8, 0, 16, 0, 0 },
    { 4, 0, 0, 0, lisp65_bc_boot_str_008 },
    { 8, 0, 127, 0, 0 },
    { 4, 0, 0, 0, lisp65_bc_boot_str_061 },
    { 8, 0, 132, 0, 0 },
    { 8, 0, 135, 0, 0 },
    { 4, 0, 0, 0, lisp65_bc_boot_str_114 },
    { 8, 0, 137, 0, 0 },
    { 4, 0, 0, 0, lisp65_bc_boot_str_008 },
    { 8, 0, 106, 0, 0 },
    { 4, 0, 0, 0, lisp65_bc_boot_str_139 },
    { 8, 0, 137, 0, 0 },
    { 8, 0, 126, 0, 0 },
    { 1, 129, 0, 0, 0 },
    { 4, 0, 0, 0, lisp65_bc_boot_str_134 },
    { 8, 0, 75, 0, 0 },
    { 8, 0, 69, 0, 0 },
    { 4, 0, 0, 0, lisp65_bc_boot_str_059 },
    { 4, 0, 0, 0, lisp65_bc_boot_str_010 },
    { 4, 0, 0, 0, lisp65_bc_boot_str_076 },
    { 4, 0, 0, 0, lisp65_bc_boot_str_107 },
    { 4, 0, 0, 0, lisp65_bc_boot_str_071 },
    { 8, 0, 136, 0, 0 },
    { 4, 0, 0, 0, lisp65_bc_boot_str_061 },
    { 8, 0, 133, 0, 0 },
    { 8, 0, 138, 0, 0 },
    { 4, 0, 0, 0, lisp65_bc_boot_str_060 },
    { 1, 1015, 0, 0, 0 },
    { 4, 0, 0, 0, lisp65_bc_boot_str_095 },
    { 8, 0, 140, 0, 0 },
    { 4, 0, 0, 0, lisp65_bc_boot_str_059 },
    { 8, 0, 144, 0, 0 },
    { 4, 0, 0, 0, lisp65_bc_boot_str_095 },
    { 8, 0, 140, 0, 0 },
    { 4, 0, 0, 0, lisp65_bc_boot_str_060 },
    { 1, 1015, 0, 0, 0 },
    { 8, 0, 63, 0, 0 },
    { 4, 0, 0, 0, lisp65_bc_boot_str_139 },
    { 4, 0, 0, 0, lisp65_bc_boot_str_141 },
    { 4, 0, 0, 0, lisp65_bc_boot_str_203 },
    { 8, 0, 142, 0, 0 },
    { 4, 0, 0, 0, lisp65_bc_boot_str_203 },
    { 8, 0, 143, 0, 0 },
    { 4, 0, 0, 0, lisp65_bc_boot_str_010 },
    { 4, 0, 0, 0, lisp65_bc_boot_str_008 },
    { 4, 0, 0, 0, lisp65_bc_boot_str_182 },
    { 4, 0, 0, 0, lisp65_bc_boot_str_006 },
    { 4, 0, 0, 0, lisp65_bc_boot_str_147 },
    { 4, 0, 0, 0, lisp65_bc_boot_str_203 },
    { 8, 0, 143, 0, 0 },
    { 8, 0, 20, 0, 0 },
    { 4, 0, 0, 0, lisp65_bc_boot_str_147 },
    { 8, 0, 142, 0, 0 },
    { 7, 0, 0, 0, lisp65_bc_boot_str_185 },
    { 4, 0, 0, 0, lisp65_bc_boot_str_182 },
    { 4, 0, 0, 0, lisp65_bc_boot_str_005 },
    { 7, 0, 0, 0, lisp65_bc_boot_str_223 },
    { 8, 0, 146, 0, 0 },
    { 8, 0, 20, 0, 0 },
    { 4, 0, 0, 0, lisp65_bc_boot_str_147 },
    { 8, 0, 146, 0, 0 },
    { 8, 0, 145, 0, 0 },
    { 4, 0, 0, 0, lisp65_bc_boot_str_058 },
    { 4, 0, 0, 0, lisp65_bc_boot_str_139 },
    { 4, 0, 0, 0, lisp65_bc_boot_str_141 },
    { 4, 0, 0, 0, lisp65_bc_boot_str_059 },
    { 8, 0, 144, 0, 0 },
    { 8, 0, 20, 0, 0 },
    { 8, 0, 149, 0, 0 },
    { 4, 0, 0, 0, lisp65_bc_boot_str_224 },
    { 4, 0, 0, 0, lisp65_bc_boot_str_225 },
    { 4, 0, 0, 0, lisp65_bc_boot_str_226 },
    { 8, 0, 150, 0, 0 },
    { 8, 0, 150, 0, 0 },
    { 4, 0, 0, 0, lisp65_bc_boot_str_227 },
    { 4, 0, 0, 0, lisp65_bc_boot_str_228 },
    { 8, 0, 151, 0, 0 },
    { 4, 0, 0, 0, lisp65_bc_boot_str_226 },
    { 8, 0, 152, 0, 0 },
    { 8, 0, 153, 0, 0 },
    { 1, 255, 0, 0, 0 },
    { 8, 0, 152, 0, 0 },
    { 4, 0, 0, 0, lisp65_bc_boot_str_228 },
    { 8, 0, 154, 0, 0 },
    { 4, 0, 0, 0, lisp65_bc_boot_str_226 },
    { 4, 0, 0, 0, lisp65_bc_boot_str_228 },
    { 8, 0, 155, 0, 0 },
    { 4, 0, 0, 0, lisp65_bc_boot_str_183 },
    { 8, 0, 153, 0, 0 },
    { 1, 255, 0, 0, 0 },
    { 8, 0, 155, 0, 0 },
    { 4, 0, 0, 0, lisp65_bc_boot_str_228 },
    { 8, 0, 156, 0, 0 },
    { 8, 0, 157, 0, 0 },
    { 8, 0, 151, 0, 0 },
    { 1, 255, 0, 0, 0 },
    { 8, 0, 154, 0, 0 },
    { 8, 0, 156, 0, 0 },
    { 4, 0, 0, 0, lisp65_bc_boot_str_229 },
    { 4, 0, 0, 0, lisp65_bc_boot_str_230 },
    { 7, 0, 0, 0, lisp65_bc_boot_str_231 },
    { 4, 0, 0, 0, lisp65_bc_boot_str_232 },
    { 4, 0, 0, 0, lisp65_bc_boot_str_233 },
    { 4, 0, 0, 0, lisp65_bc_boot_str_164 },
    { 4, 0, 0, 0, lisp65_bc_boot_str_228 },
    { 7, 0, 0, 0, lisp65_bc_boot_str_234 },
    { 7, 0, 0, 0, lisp65_bc_boot_str_235 },
    { 7, 0, 0, 0, lisp65_bc_boot_str_236 },
    { 7, 0, 0, 0, lisp65_bc_boot_str_237 },
    { 7, 0, 0, 0, lisp65_bc_boot_str_238 },
    { 7, 0, 0, 0, lisp65_bc_boot_str_239 },
    { 7, 0, 0, 0, lisp65_bc_boot_str_240 },
    { 7, 0, 0, 0, lisp65_bc_boot_str_241 },
    { 7, 0, 0, 0, lisp65_bc_boot_str_242 },
    { 7, 0, 0, 0, lisp65_bc_boot_str_243 },
    { 7, 0, 0, 0, lisp65_bc_boot_str_244 },
    { 7, 0, 0, 0, lisp65_bc_boot_str_245 },
    { 6, 0, 758, 12, 0 },
    { 4, 0, 0, 0, lisp65_bc_boot_str_246 },
    { 7, 0, 0, 0, lisp65_bc_boot_str_244 },
    { 7, 0, 0, 0, lisp65_bc_boot_str_247 },
    { 8, 0, 157, 0, 0 },
    { 8, 0, 20, 0, 0 },
    { 4, 0, 0, 0, lisp65_bc_boot_str_226 },
    { 4, 0, 0, 0, lisp65_bc_boot_str_225 },
    { 1, 128, 0, 0, 0 },
    { 8, 0, 160, 0, 0 },
    { 4, 0, 0, 0, lisp65_bc_boot_str_226 },
    { 4, 0, 0, 0, lisp65_bc_boot_str_248 },
    { 8, 0, 160, 0, 0 },
    { 8, 0, 161, 0, 0 },
    { 8, 0, 161, 0, 0 },
    { 4, 0, 0, 0, lisp65_bc_boot_str_227 },
    { 4, 0, 0, 0, lisp65_bc_boot_str_228 },
    { 8, 0, 162, 0, 0 },
    { 8, 0, 20, 0, 0 },
    { 8, 0, 162, 0, 0 },
    { 4, 0, 0, 0, lisp65_bc_boot_str_164 },
    { 4, 0, 0, 0, lisp65_bc_boot_str_249 },
    { 7, 0, 0, 0, lisp65_bc_boot_str_250 },
    { 7, 0, 0, 0, lisp65_bc_boot_str_148 },
    { 4, 0, 0, 0, lisp65_bc_boot_str_198 },
    { 7, 0, 0, 0, lisp65_bc_boot_str_251 },
    { 7, 0, 0, 0, lisp65_bc_boot_str_231 },
    { 7, 0, 0, 0, lisp65_bc_boot_str_252 },
    { 7, 0, 0, 0, lisp65_bc_boot_str_253 },
    { 4, 0, 0, 0, lisp65_bc_boot_str_197 },
    { 7, 0, 0, 0, lisp65_bc_boot_str_254 },
    { 4, 0, 0, 0, lisp65_bc_boot_str_197 },
    { 7, 0, 0, 0, lisp65_bc_boot_str_254 },
    { 4, 0, 0, 0, lisp65_bc_boot_str_198 },
    { 8, 0, 166, 0, 0 },
    { 8, 0, 158, 0, 0 },
    { 4, 0, 0, 0, lisp65_bc_boot_str_164 },
    { 4, 0, 0, 0, lisp65_bc_boot_str_005 },
    { 8, 0, 173, 0, 0 },
    { 8, 0, 144, 0, 0 },
    { 7, 0, 0, 0, lisp65_bc_boot_str_255 },
    { 7, 0, 0, 0, lisp65_bc_boot_str_256 },
    { 4, 0, 0, 0, lisp65_bc_boot_str_147 },
    { 8, 0, 142, 0, 0 },
    { 8, 0, 166, 0, 0 },
    { 4, 0, 0, 0, lisp65_bc_boot_str_008 },
    { 8, 0, 149, 0, 0 },
    { 8, 0, 159, 0, 0 },
    { 8, 0, 173, 0, 0 },
    { 8, 0, 144, 0, 0 },
    { 4, 0, 0, 0, lisp65_bc_boot_str_164 },
    { 7, 0, 0, 0, lisp65_bc_boot_str_256 },
    { 7, 0, 0, 0, lisp65_bc_boot_str_257 },
    { 4, 0, 0, 0, lisp65_bc_boot_str_147 },
    { 8, 0, 142, 0, 0 },
    { 8, 0, 167, 0, 0 },
    { 8, 0, 151, 0, 0 },
    { 4, 0, 0, 0, lisp65_bc_boot_str_008 },
    { 8, 0, 149, 0, 0 },
    { 4, 0, 0, 0, lisp65_bc_boot_str_258 },
    { 4, 0, 0, 0, lisp65_bc_boot_str_164 },
    { 8, 0, 165, 0, 0 },
    { 7, 0, 0, 0, lisp65_bc_boot_str_259 },
    { 7, 0, 0, 0, lisp65_bc_boot_str_260 },
    { 7, 0, 0, 0, lisp65_bc_boot_str_257 },
    { 8, 0, 166, 0, 0 },
    { 8, 0, 158, 0, 0 },
    { 8, 0, 149, 0, 0 },
    { 8, 0, 167, 0, 0 },
    { 8, 0, 151, 0, 0 },
    { 4, 0, 0, 0, lisp65_bc_boot_str_258 },
    { 4, 0, 0, 0, lisp65_bc_boot_str_164 },
    { 8, 0, 165, 0, 0 },
    { 7, 0, 0, 0, lisp65_bc_boot_str_259 },
    { 7, 0, 0, 0, lisp65_bc_boot_str_260 },
    { 7, 0, 0, 0, lisp65_bc_boot_str_255 },
    { 7, 0, 0, 0, lisp65_bc_boot_str_256 },
    { 4, 0, 0, 0, lisp65_bc_boot_str_261 },
    { 4, 0, 0, 0, lisp65_bc_boot_str_262 },
    { 4, 0, 0, 0, lisp65_bc_boot_str_172 },
    { 4, 0, 0, 0, lisp65_bc_boot_str_147 },
    { 8, 0, 142, 0, 0 },
    { 4, 0, 0, 0, lisp65_bc_boot_str_164 },
    { 4, 0, 0, 0, lisp65_bc_boot_str_008 },
    { 8, 0, 149, 0, 0 },
    { 7, 0, 0, 0, lisp65_bc_boot_str_257 },
    { 4, 0, 0, 0, lisp65_bc_boot_str_010 },
    { 4, 0, 0, 0, lisp65_bc_boot_str_008 },
    { 4, 0, 0, 0, lisp65_bc_boot_str_182 },
    { 4, 0, 0, 0, lisp65_bc_boot_str_059 },
    { 4, 0, 0, 0, lisp65_bc_boot_str_007 },
    { 4, 0, 0, 0, lisp65_bc_boot_str_006 },
    { 8, 0, 144, 0, 0 },
    { 4, 0, 0, 0, lisp65_bc_boot_str_169 },
    { 8, 0, 145, 0, 0 },
    { 8, 0, 74, 0, 0 },
    { 4, 0, 0, 0, lisp65_bc_boot_str_164 },
    { 7, 0, 0, 0, lisp65_bc_boot_str_263 },
    { 8, 0, 63, 0, 0 },
    { 7, 0, 0, 0, lisp65_bc_boot_str_264 },
    { 4, 0, 0, 0, lisp65_bc_boot_str_168 },
    { 8, 0, 145, 0, 0 },
    { 8, 0, 74, 0, 0 },
    { 7, 0, 0, 0, lisp65_bc_boot_str_265 },
    { 8, 0, 63, 0, 0 },
    { 4, 0, 0, 0, lisp65_bc_boot_str_164 },
    { 7, 0, 0, 0, lisp65_bc_boot_str_264 },
    { 8, 0, 176, 0, 0 },
    { 1, 1012, 0, 0, 0 },
    { 8, 0, 176, 0, 0 },
    { 4, 0, 0, 0, lisp65_bc_boot_str_059 },
    { 4, 0, 0, 0, lisp65_bc_boot_str_015 },
    { 4, 0, 0, 0, lisp65_bc_boot_str_014 },
    { 8, 0, 74, 0, 0 },
    { 7, 0, 0, 0, lisp65_bc_boot_str_266 },
    { 8, 0, 63, 0, 0 },
    { 7, 0, 0, 0, lisp65_bc_boot_str_267 },
    { 7, 0, 0, 0, lisp65_bc_boot_str_268 },
    { 7, 0, 0, 0, lisp65_bc_boot_str_269 },
    { 1, 1002, 0, 0, 0 },
    { 7, 0, 0, 0, lisp65_bc_boot_str_270 },
    { 7, 0, 0, 0, lisp65_bc_boot_str_185 },
    { 4, 0, 0, 0, lisp65_bc_boot_str_059 },
    { 4, 0, 0, 0, lisp65_bc_boot_str_007 },
    { 4, 0, 0, 0, lisp65_bc_boot_str_006 },
    { 8, 0, 166, 0, 0 },
    { 4, 0, 0, 0, lisp65_bc_boot_str_163 },
    { 4, 0, 0, 0, lisp65_bc_boot_str_208 },
    { 8, 0, 65, 0, 0 },
    { 1, 1004, 0, 0, 0 },
    { 7, 0, 0, 0, lisp65_bc_boot_str_271 },
    { 7, 0, 0, 0, lisp65_bc_boot_str_185 },
    { 4, 0, 0, 0, lisp65_bc_boot_str_059 },
    { 4, 0, 0, 0, lisp65_bc_boot_str_007 },
    { 4, 0, 0, 0, lisp65_bc_boot_str_006 },
    { 8, 0, 166, 0, 0 },
    { 4, 0, 0, 0, lisp65_bc_boot_str_163 },
    { 4, 0, 0, 0, lisp65_bc_boot_str_208 },
    { 8, 0, 65, 0, 0 },
    { 1, 1002, 0, 0, 0 },
    { 8, 0, 175, 0, 0 },
    { 1, 1004, 0, 0, 0 },
    { 4, 0, 0, 0, lisp65_bc_boot_str_059 },
    { 8, 0, 144, 0, 0 },
    { 4, 0, 0, 0, lisp65_bc_boot_str_006 },
    { 4, 0, 0, 0, lisp65_bc_boot_str_169 },
    { 8, 0, 145, 0, 0 },
    { 8, 0, 74, 0, 0 },
    { 4, 0, 0, 0, lisp65_bc_boot_str_164 },
    { 7, 0, 0, 0, lisp65_bc_boot_str_263 },
    { 8, 0, 63, 0, 0 },
    { 7, 0, 0, 0, lisp65_bc_boot_str_264 },
    { 1, 1006, 0, 0, 0 },
    { 7, 0, 0, 0, lisp65_bc_boot_str_205 },
    { 7, 0, 0, 0, lisp65_bc_boot_str_272 },
    { 1, 1008, 0, 0, 0 },
    { 4, 0, 0, 0, lisp65_bc_boot_str_170 },
    { 4, 0, 0, 0, lisp65_bc_boot_str_232 },
    { 7, 0, 0, 0, lisp65_bc_boot_str_273 },
    { 7, 0, 0, 0, lisp65_bc_boot_str_274 },
    { 8, 0, 180, 0, 0 },
    { 4, 0, 0, 0, lisp65_bc_boot_str_275 },
    { 4, 0, 0, 0, lisp65_bc_boot_str_276 },
    { 4, 0, 0, 0, lisp65_bc_boot_str_062 },
    { 4, 0, 0, 0, lisp65_bc_boot_str_200 },
    { 4, 0, 0, 0, lisp65_bc_boot_str_277 },
    { 1, 1012, 0, 0, 0 },
    { 8, 0, 177, 0, 0 },
    { 7, 0, 0, 0, lisp65_bc_boot_str_269 },
    { 8, 0, 63, 0, 0 },
};

const lisp65_bc_literal_patch lisp65_bytecode_stdlib_literal_patches[] LISP65_STDLIB_BOOTDATA = {
    { 7u, 0u },
    { 108u, 1u },
    { 110u, 2u },
    { 162u, 3u },
    { 164u, 4u },
    { 194u, 5u },
    { 196u, 6u },
    { 198u, 7u },
    { 200u, 8u },
    { 202u, 9u },
    { 204u, 10u },
    { 260u, 11u },
    { 262u, 12u },
    { 304u, 13u },
    { 306u, 14u },
    { 353u, 15u },
    { 355u, 16u },
    { 357u, 17u },
    { 453u, 18u },
    { 531u, 19u },
    { 617u, 20u },
    { 619u, 21u },
    { 635u, 22u },
    { 637u, 23u },
    { 670u, 24u },
    { 672u, 25u },
    { 689u, 26u },
    { 691u, 27u },
    { 693u, 28u },
    { 713u, 29u },
    { 751u, 30u },
    { 774u, 31u },
    { 776u, 32u },
    { 805u, 33u },
    { 807u, 34u },
    { 834u, 35u },
    { 865u, 36u },
    { 901u, 37u },
    { 903u, 38u },
    { 905u, 39u },
    { 938u, 40u },
    { 940u, 41u },
    { 979u, 42u },
    { 1010u, 43u },
    { 1022u, 44u },
    { 1024u, 45u },
    { 1063u, 46u },
    { 1065u, 47u },
    { 1100u, 48u },
    { 1102u, 49u },
    { 1104u, 50u },
    { 1149u, 51u },
    { 1151u, 52u },
    { 1153u, 53u },
    { 1207u, 54u },
    { 1231u, 55u },
    { 1252u, 56u },
    { 1254u, 57u },
    { 1256u, 58u },
    { 1258u, 59u },
    { 1298u, 60u },
    { 1300u, 61u },
    { 1302u, 62u },
    { 1334u, 63u },
    { 1336u, 64u },
    { 1338u, 65u },
    { 1378u, 66u },
    { 1380u, 67u },
    { 1382u, 68u },
    { 1384u, 69u },
    { 1386u, 70u },
    { 1388u, 71u },
    { 1390u, 72u },
    { 1392u, 73u },
    { 1394u, 74u },
    { 1571u, 75u },
    { 1573u, 76u },
    { 1575u, 77u },
    { 1577u, 78u },
    { 1579u, 79u },
    { 1581u, 80u },
    { 1583u, 81u },
    { 1585u, 82u },
    { 1587u, 83u },
    { 1589u, 84u },
    { 1591u, 85u },
    { 1593u, 86u },
    { 1595u, 87u },
    { 1823u, 88u },
    { 1825u, 89u },
    { 1827u, 90u },
    { 1829u, 91u },
    { 1831u, 92u },
    { 1833u, 93u },
    { 1835u, 94u },
    { 1837u, 95u },
    { 1839u, 96u },
    { 1841u, 97u },
    { 2057u, 98u },
    { 2059u, 99u },
    { 2061u, 100u },
    { 2063u, 101u },
    { 2065u, 102u },
    { 2067u, 103u },
    { 2069u, 104u },
    { 2071u, 105u },
    { 2073u, 106u },
    { 2201u, 107u },
    { 2203u, 108u },
    { 2205u, 109u },
    { 2207u, 110u },
    { 2209u, 111u },
    { 2211u, 112u },
    { 2213u, 113u },
    { 2215u, 114u },
    { 2217u, 115u },
    { 2219u, 116u },
    { 2221u, 117u },
    { 2223u, 118u },
    { 2225u, 119u },
    { 2390u, 120u },
    { 2392u, 121u },
    { 2394u, 122u },
    { 2396u, 123u },
    { 2398u, 124u },
    { 2400u, 125u },
    { 2402u, 126u },
    { 2404u, 127u },
    { 2406u, 128u },
    { 2526u, 129u },
    { 2528u, 130u },
    { 2530u, 131u },
    { 2532u, 132u },
    { 2534u, 133u },
    { 2536u, 134u },
    { 2538u, 135u },
    { 2540u, 136u },
    { 2542u, 137u },
    { 2544u, 138u },
    { 2546u, 139u },
    { 2548u, 140u },
    { 2550u, 141u },
    { 2552u, 142u },
    { 2718u, 143u },
    { 2720u, 144u },
    { 2722u, 145u },
    { 2724u, 146u },
    { 2726u, 147u },
    { 2811u, 148u },
    { 2813u, 149u },
    { 2815u, 150u },
    { 2817u, 151u },
    { 2819u, 152u },
    { 2821u, 153u },
    { 2908u, 154u },
    { 2910u, 155u },
    { 2912u, 156u },
    { 2914u, 157u },
    { 2916u, 158u },
    { 2996u, 159u },
    { 2998u, 160u },
    { 3000u, 161u },
    { 3002u, 162u },
    { 3004u, 163u },
    { 3006u, 164u },
    { 3113u, 165u },
    { 3144u, 166u },
    { 3146u, 201u },
    { 3148u, 202u },
    { 3170u, 251u },
    { 3172u, 252u },
    { 3187u, 327u },
    { 3189u, 328u },
    { 3204u, 329u },
    { 3233u, 330u },
    { 3235u, 331u },
    { 3237u, 332u },
    { 3239u, 333u },
    { 3241u, 334u },
    { 3243u, 335u },
    { 3294u, 336u },
    { 3296u, 337u },
    { 3298u, 338u },
    { 3300u, 339u },
    { 3302u, 340u },
    { 3304u, 341u },
    { 3306u, 342u },
    { 3420u, 343u },
    { 3422u, 344u },
    { 3424u, 345u },
    { 3426u, 346u },
    { 3496u, 347u },
    { 3498u, 348u },
    { 3500u, 349u },
    { 3502u, 350u },
    { 3504u, 351u },
    { 3506u, 352u },
    { 3508u, 353u },
    { 3510u, 354u },
    { 3512u, 355u },
    { 3579u, 356u },
    { 3646u, 357u },
    { 3648u, 358u },
    { 3650u, 359u },
    { 3652u, 360u },
    { 3684u, 361u },
    { 3686u, 362u },
    { 3723u, 363u },
    { 3725u, 364u },
    { 3727u, 365u },
    { 3860u, 366u },
    { 3862u, 367u },
    { 3864u, 368u },
    { 3866u, 369u },
    { 3868u, 370u },
    { 3870u, 371u },
    { 3872u, 372u },
    { 3874u, 373u },
    { 4052u, 374u },
    { 4054u, 375u },
    { 4056u, 376u },
    { 4058u, 377u },
    { 4060u, 378u },
    { 4062u, 379u },
    { 4064u, 380u },
    { 4066u, 381u },
    { 4068u, 382u },
    { 4070u, 383u },
    { 4304u, 384u },
    { 4306u, 385u },
    { 4308u, 386u },
    { 4478u, 387u },
    { 4546u, 388u },
    { 4609u, 389u },
    { 4611u, 390u },
    { 4613u, 391u },
    { 4673u, 392u },
    { 4739u, 393u },
    { 4741u, 394u },
    { 4743u, 395u },
    { 4745u, 396u },
    { 4747u, 397u },
    { 4749u, 398u },
    { 4751u, 399u },
    { 4753u, 400u },
    { 4755u, 401u },
    { 4838u, 402u },
    { 4840u, 403u },
    { 4842u, 404u },
    { 4844u, 405u },
    { 4846u, 406u },
    { 4848u, 407u },
    { 4850u, 408u },
    { 4852u, 409u },
    { 4897u, 410u },
    { 4899u, 411u },
    { 4901u, 412u },
    { 4903u, 413u },
    { 4905u, 414u },
    { 4907u, 415u },
    { 4909u, 416u },
    { 4977u, 417u },
    { 4979u, 418u },
    { 4981u, 419u },
    { 4983u, 420u },
    { 4985u, 421u },
    { 4987u, 422u },
    { 5043u, 423u },
    { 5045u, 424u },
    { 5047u, 425u },
    { 5049u, 426u },
    { 5051u, 427u },
    { 5053u, 428u },
    { 5055u, 429u },
    { 5057u, 430u },
    { 5059u, 431u },
    { 5061u, 432u },
    { 5063u, 433u },
    { 5065u, 434u },
    { 5067u, 435u },
    { 5069u, 436u },
    { 5071u, 437u },
    { 5073u, 438u },
    { 5075u, 439u },
    { 5077u, 440u },
    { 5079u, 441u },
    { 5081u, 442u },
    { 5083u, 443u },
    { 5085u, 444u },
    { 5087u, 445u },
    { 5281u, 446u },
    { 5283u, 447u },
    { 5285u, 448u },
    { 5287u, 449u },
    { 5289u, 450u },
    { 5291u, 451u },
    { 5293u, 452u },
    { 5295u, 453u },
    { 5297u, 454u },
    { 5370u, 455u },
    { 5392u, 456u },
    { 5394u, 457u },
    { 5396u, 458u },
    { 5479u, 459u },
    { 5481u, 460u },
    { 5483u, 461u },
    { 5485u, 462u },
    { 5487u, 463u },
    { 5489u, 464u },
    { 5491u, 465u },
    { 5493u, 466u },
    { 5495u, 467u },
    { 5497u, 468u },
    { 5499u, 469u },
    { 5691u, 470u },
    { 5693u, 471u },
    { 5695u, 472u },
    { 5697u, 473u },
    { 5699u, 474u },
    { 5701u, 475u },
    { 5703u, 476u },
    { 5705u, 477u },
    { 5734u, 478u },
    { 5736u, 479u },
    { 5738u, 480u },
    { 5740u, 481u },
    { 5742u, 482u },
    { 5744u, 483u },
    { 5746u, 484u },
    { 5748u, 485u },
    { 5750u, 486u },
    { 5752u, 487u },
    { 5754u, 488u },
    { 5756u, 489u },
    { 5758u, 490u },
    { 5760u, 491u },
    { 5835u, 492u },
    { 5837u, 493u },
    { 5839u, 494u },
    { 5841u, 495u },
    { 5843u, 496u },
    { 5845u, 497u },
    { 5847u, 498u },
    { 5849u, 499u },
    { 5881u, 500u },
    { 5883u, 501u },
    { 5931u, 502u },
    { 5933u, 503u },
    { 5935u, 504u },
    { 5937u, 505u },
    { 5939u, 506u },
    { 6000u, 507u },
    { 6002u, 508u },
    { 6004u, 509u },
    { 6006u, 510u },
    { 6008u, 511u },
    { 6074u, 512u },
    { 6076u, 513u },
    { 6078u, 514u },
    { 6080u, 515u },
    { 6137u, 516u },
    { 6139u, 517u },
    { 6141u, 518u },
    { 6143u, 519u },
    { 6174u, 520u },
    { 6176u, 521u },
    { 6201u, 522u },
    { 6203u, 523u },
    { 6205u, 524u },
    { 6207u, 525u },
    { 6209u, 526u },
    { 6211u, 527u },
    { 6213u, 528u },
    { 6215u, 529u },
    { 6217u, 530u },
    { 6219u, 531u },
    { 6221u, 532u },
    { 6223u, 533u },
    { 6225u, 534u },
    { 6446u, 535u },
    { 6448u, 536u },
    { 6477u, 537u },
    { 6491u, 538u },
    { 6517u, 539u },
    { 6519u, 540u },
    { 6521u, 541u },
    { 6551u, 542u },
    { 6553u, 543u },
    { 6555u, 544u },
    { 6557u, 545u },
    { 6559u, 546u },
    { 6561u, 547u },
    { 6563u, 548u },
    { 6565u, 549u },
    { 6567u, 550u },
    { 6644u, 551u },
    { 6646u, 552u },
    { 6689u, 553u },
    { 6691u, 554u },
    { 6720u, 555u },
    { 6740u, 556u },
    { 6742u, 557u },
    { 6744u, 558u },
    { 6746u, 559u },
    { 6748u, 560u },
    { 6750u, 561u },
    { 6752u, 562u },
    { 6754u, 563u },
    { 6851u, 564u },
    { 6853u, 565u },
    { 6855u, 566u },
    { 6857u, 567u },
    { 6924u, 568u },
    { 6926u, 569u },
    { 7028u, 570u },
    { 7048u, 571u },
    { 7084u, 572u },
    { 7127u, 573u },
    { 7176u, 574u },
    { 7213u, 575u },
    { 7215u, 576u },
    { 7217u, 577u },
    { 7269u, 578u },
    { 7271u, 579u },
    { 7373u, 580u },
    { 7399u, 581u },
    { 7507u, 582u },
    { 7521u, 583u },
    { 7552u, 584u },
    { 7554u, 585u },
    { 7556u, 586u },
    { 7558u, 587u },
    { 7614u, 588u },
    { 7616u, 589u },
    { 7618u, 590u },
    { 7657u, 591u },
    { 7659u, 592u },
    { 7661u, 593u },
    { 7663u, 594u },
    { 7665u, 595u },
    { 7722u, 596u },
    { 7724u, 597u },
    { 7726u, 598u },
    { 7728u, 599u },
    { 7730u, 600u },
    { 7732u, 601u },
    { 7811u, 602u },
    { 7813u, 603u },
    { 7815u, 604u },
    { 7817u, 605u },
    { 7819u, 606u },
    { 7821u, 607u },
    { 7823u, 608u },
    { 7825u, 609u },
    { 7951u, 610u },
    { 7953u, 611u },
    { 7955u, 612u },
    { 7957u, 613u },
    { 8059u, 614u },
    { 8061u, 615u },
    { 8063u, 616u },
    { 8065u, 617u },
    { 8138u, 618u },
    { 8140u, 619u },
    { 8142u, 620u },
    { 8144u, 621u },
    { 8146u, 622u },
    { 8148u, 623u },
    { 8150u, 624u },
    { 8152u, 625u },
    { 8154u, 626u },
    { 8156u, 627u },
    { 8158u, 628u },
    { 8315u, 629u },
    { 8363u, 630u },
    { 8365u, 631u },
    { 8428u, 632u },
    { 8430u, 633u },
    { 8519u, 634u },
    { 8558u, 635u },
    { 8560u, 636u },
    { 8562u, 637u },
    { 8564u, 638u },
    { 8566u, 639u },
    { 8568u, 640u },
    { 8570u, 641u },
    { 8572u, 642u },
    { 8574u, 643u },
    { 8699u, 644u },
    { 8701u, 645u },
    { 8703u, 646u },
    { 8705u, 647u },
    { 8707u, 648u },
    { 8709u, 649u },
    { 8711u, 650u },
    { 8713u, 651u },
    { 8715u, 652u },
    { 8717u, 653u },
    { 8719u, 654u },
    { 8868u, 655u },
    { 8870u, 656u },
    { 8872u, 657u },
    { 8874u, 658u },
    { 8876u, 659u },
    { 8878u, 660u },
    { 9058u, 661u },
    { 9060u, 662u },
    { 9084u, 663u },
    { 9086u, 664u },
    { 9088u, 665u },
    { 9141u, 666u },
    { 9143u, 667u },
    { 9281u, 668u },
    { 9283u, 669u },
    { 9285u, 670u },
    { 9287u, 671u },
    { 9289u, 672u },
    { 9291u, 673u },
    { 9293u, 674u },
    { 9295u, 675u },
    { 9386u, 676u },
    { 9388u, 677u },
    { 9390u, 678u },
    { 9392u, 679u },
    { 9394u, 680u },
    { 9396u, 681u },
    { 9398u, 682u },
    { 9400u, 683u },
    { 9402u, 684u },
    { 9404u, 685u },
    { 9614u, 686u },
    { 9616u, 687u },
    { 9618u, 688u },
    { 9620u, 689u },
    { 9660u, 690u },
    { 9662u, 691u },
    { 9664u, 692u },
    { 9666u, 693u },
    { 9668u, 694u },
    { 9670u, 695u },
    { 9672u, 696u },
    { 9674u, 697u },
    { 9676u, 698u },
    { 9756u, 699u },
    { 9758u, 700u },
    { 9791u, 701u },
    { 9793u, 702u },
    { 9829u, 703u },
    { 9831u, 704u },
    { 9833u, 705u },
    { 9835u, 706u },
    { 9837u, 707u },
    { 9839u, 708u },
    { 9841u, 709u },
    { 9843u, 710u },
    { 10015u, 711u },
    { 10017u, 712u },
    { 10019u, 713u },
    { 10021u, 714u },
    { 10023u, 715u },
    { 10025u, 716u },
    { 10090u, 717u },
    { 10092u, 718u },
    { 10119u, 719u },
    { 10121u, 720u },
    { 10143u, 721u },
    { 10145u, 722u },
    { 10147u, 723u },
    { 10149u, 724u },
    { 10151u, 725u },
    { 10153u, 726u },
    { 10190u, 727u },
    { 10192u, 728u },
    { 10241u, 729u },
    { 10243u, 730u },
    { 10245u, 731u },
    { 10247u, 732u },
    { 10302u, 733u },
    { 10304u, 734u },
    { 10306u, 735u },
    { 10308u, 736u },
    { 10399u, 737u },
    { 10401u, 738u },
    { 10529u, 739u },
    { 10531u, 740u },
    { 10533u, 741u },
    { 10535u, 742u },
    { 10537u, 743u },
    { 10645u, 744u },
    { 10647u, 745u },
    { 10649u, 746u },
    { 10764u, 747u },
    { 10766u, 748u },
    { 10768u, 749u },
    { 10770u, 750u },
    { 10772u, 751u },
    { 10774u, 752u },
    { 10939u, 753u },
    { 10995u, 754u },
    { 10997u, 755u },
    { 10999u, 756u },
    { 11001u, 757u },
    { 11072u, 758u },
    { 11074u, 759u },
    { 11076u, 760u },
    { 11078u, 761u },
    { 11080u, 762u },
    { 11082u, 763u },
    { 11084u, 764u },
    { 11086u, 777u },
    { 11088u, 778u },
    { 11090u, 779u },
    { 11092u, 780u },
    { 11240u, 781u },
    { 11242u, 782u },
    { 11244u, 783u },
    { 11246u, 784u },
    { 11248u, 785u },
    { 11250u, 786u },
    { 11309u, 787u },
    { 11311u, 788u },
    { 11313u, 789u },
    { 11315u, 790u },
    { 11368u, 791u },
    { 11370u, 792u },
    { 11372u, 793u },
    { 11374u, 794u },
    { 11376u, 795u },
    { 11500u, 796u },
    { 11519u, 797u },
    { 11543u, 798u },
    { 11545u, 799u },
    { 11569u, 800u },
    { 11571u, 801u },
    { 11573u, 802u },
    { 11575u, 803u },
    { 11577u, 804u },
    { 11579u, 805u },
    { 11581u, 806u },
    { 11583u, 807u },
    { 11704u, 808u },
    { 11706u, 809u },
    { 11708u, 810u },
    { 11742u, 811u },
    { 11744u, 812u },
    { 11746u, 813u },
    { 11748u, 814u },
    { 11750u, 815u },
    { 11752u, 816u },
    { 11754u, 817u },
    { 11756u, 818u },
    { 11833u, 819u },
    { 11835u, 820u },
    { 11837u, 821u },
    { 11839u, 822u },
    { 11841u, 823u },
    { 11843u, 824u },
    { 11845u, 825u },
    { 11847u, 826u },
    { 11849u, 827u },
    { 11851u, 828u },
    { 11853u, 829u },
    { 11981u, 830u },
    { 11983u, 831u },
    { 11985u, 832u },
    { 11987u, 833u },
    { 11989u, 834u },
    { 11991u, 835u },
    { 11993u, 836u },
    { 11995u, 837u },
    { 11997u, 838u },
    { 11999u, 839u },
    { 12001u, 840u },
    { 12003u, 841u },
    { 12158u, 842u },
    { 12160u, 843u },
    { 12162u, 844u },
    { 12164u, 845u },
    { 12166u, 846u },
    { 12168u, 847u },
    { 12170u, 848u },
    { 12172u, 849u },
    { 12174u, 850u },
    { 12176u, 851u },
    { 12178u, 852u },
    { 12180u, 853u },
    { 12324u, 854u },
    { 12326u, 855u },
    { 12328u, 856u },
    { 12330u, 857u },
    { 12332u, 858u },
    { 12334u, 859u },
    { 12336u, 860u },
    { 12338u, 861u },
    { 12340u, 862u },
    { 12445u, 863u },
    { 12447u, 864u },
    { 12449u, 865u },
    { 12608u, 866u },
    { 12610u, 867u },
    { 12612u, 868u },
    { 12614u, 869u },
    { 12616u, 870u },
    { 12618u, 871u },
    { 12620u, 872u },
    { 12622u, 873u },
    { 12624u, 874u },
    { 12626u, 875u },
    { 12628u, 876u },
    { 12746u, 877u },
    { 12748u, 878u },
    { 12750u, 879u },
    { 12752u, 880u },
    { 12754u, 881u },
    { 12756u, 882u },
    { 12758u, 883u },
    { 12803u, 884u },
    { 12868u, 885u },
    { 12870u, 886u },
    { 12872u, 887u },
    { 12874u, 888u },
    { 12876u, 889u },
    { 12878u, 890u },
    { 12880u, 891u },
    { 12882u, 892u },
    { 12884u, 893u },
    { 12886u, 894u },
    { 12888u, 895u },
    { 13005u, 896u },
    { 13007u, 897u },
    { 13009u, 898u },
    { 13011u, 899u },
    { 13013u, 900u },
    { 13015u, 901u },
    { 13017u, 902u },
    { 13019u, 903u },
    { 13021u, 904u },
    { 13023u, 905u },
    { 13092u, 906u },
    { 13094u, 907u },
    { 13096u, 908u },
    { 13098u, 909u },
    { 13100u, 910u },
    { 13102u, 911u },
    { 13104u, 912u },
    { 13106u, 913u },
    { 13108u, 914u },
    { 13110u, 915u },
    { 13179u, 916u },
    { 13181u, 917u },
    { 13183u, 918u },
    { 13185u, 919u },
    { 13187u, 920u },
    { 13189u, 921u },
    { 13191u, 922u },
    { 13193u, 923u },
    { 13195u, 924u },
    { 13197u, 925u },
    { 13199u, 926u },
    { 13201u, 927u },
    { 13203u, 928u },
    { 13205u, 929u },
    { 13207u, 930u },
    { 13209u, 931u },
    { 13211u, 932u },
    { 13213u, 933u },
    { 13215u, 934u },
    { 13217u, 935u },
    { 13219u, 936u },
    { 13430u, 937u },
    { 13432u, 938u },
    { 13434u, 939u },
    { 13436u, 940u },
    { 13438u, 941u },
    { 13440u, 942u },
    { 13442u, 943u },
    { 13444u, 944u },
    { 13446u, 945u },
    { 13448u, 946u },
};

#endif /* LISP65_BYTECODE_STDLIB_EMIT_METADATA */

#ifdef LISP65_BYTECODE_STDLIB_EMIT_FULL_METADATA
/* Raw ABI directory reference. name_sym words are host placeholders;
 * native loaders should intern entry.name and call vm_dir_add(). */
const uint8_t lisp65_bytecode_stdlib_directory[] LISP65_STDLIB_BOOTDATA = {
    0x86, 0x02, 0x00, 0x00, 0x00, 0x65, 0x00, 0x88, 0x02, 0x65, 0x00, 0x00,
    0x36, 0x00, 0x8a, 0x02, 0x9b, 0x00, 0x00, 0x20, 0x00, 0x8c, 0x02, 0xbb,
    0x00, 0x00, 0x42, 0x00, 0x8e, 0x02, 0xfd, 0x00, 0x00, 0x2c, 0x00, 0x90,
    0x02, 0x29, 0x01, 0x00, 0x1c, 0x00, 0x92, 0x02, 0x45, 0x01, 0x00, 0x0a,
    0x00, 0x94, 0x02, 0x4f, 0x01, 0x00, 0x0b, 0x00, 0x96, 0x02, 0x5a, 0x01,
    0x00, 0x32, 0x00, 0x98, 0x02, 0x8c, 0x01, 0x00, 0x0d, 0x00, 0x9a, 0x02,
    0x99, 0x01, 0x00, 0x11, 0x00, 0x9c, 0x02, 0xaa, 0x01, 0x00, 0x0a, 0x00,
    0x9e, 0x02, 0xb4, 0x01, 0x00, 0x0a, 0x00, 0xa0, 0x02, 0xbe, 0x01, 0x00,
    0x4e, 0x00, 0xa2, 0x02, 0x0c, 0x02, 0x00, 0x56, 0x00, 0xa4, 0x02, 0x62,
    0x02, 0x00, 0x12, 0x00, 0xa6, 0x02, 0x74, 0x02, 0x00, 0x23, 0x00, 0xa8,
    0x02, 0x97, 0x02, 0x00, 0x13, 0x00, 0xaa, 0x02, 0xaa, 0x02, 0x00, 0x18,
    0x00, 0xac, 0x02, 0xc2, 0x02, 0x00, 0x26, 0x00, 0xae, 0x02, 0xe8, 0x02,
    0x00, 0x17, 0x00, 0xb0, 0x02, 0xff, 0x02, 0x00, 0x1f, 0x00, 0xb2, 0x02,
    0x1e, 0x03, 0x00, 0x1d, 0x00, 0xb4, 0x02, 0x3b, 0x03, 0x00, 0x1f, 0x00,
    0xb6, 0x02, 0x5a, 0x03, 0x00, 0x24, 0x00, 0xb8, 0x02, 0x7e, 0x03, 0x00,
    0x25, 0x00, 0xba, 0x02, 0xa3, 0x03, 0x00, 0x29, 0x00, 0xbc, 0x02, 0xcc,
    0x03, 0x00, 0x1f, 0x00, 0xbe, 0x02, 0xeb, 0x03, 0x00, 0x0c, 0x00, 0xc0,
    0x02, 0xf7, 0x03, 0x00, 0x29, 0x00, 0xc2, 0x02, 0x20, 0x04, 0x00, 0x25,
    0x00, 0xc4, 0x02, 0x45, 0x04, 0x00, 0x31, 0x00, 0xc6, 0x02, 0x76, 0x04,
    0x00, 0x3a, 0x00, 0xc8, 0x02, 0xb0, 0x04, 0x00, 0x18, 0x00, 0xca, 0x02,
    0xc8, 0x04, 0x00, 0x15, 0x00, 0xcc, 0x02, 0xdd, 0x04, 0x00, 0x2e, 0x00,
    0xce, 0x02, 0x0b, 0x05, 0x00, 0x24, 0x00, 0xd0, 0x02, 0x2f, 0x05, 0x00,
    0x2c, 0x00, 0xd2, 0x02, 0x5b, 0x05, 0x00, 0xc1, 0x00, 0xd4, 0x02, 0x1c,
    0x06, 0x00, 0xfc, 0x00, 0xd6, 0x02, 0x18, 0x07, 0x00, 0xea, 0x00, 0xd8,
    0x02, 0x02, 0x08, 0x00, 0x90, 0x00, 0xda, 0x02, 0x92, 0x08, 0x00, 0xbd,
    0x00, 0xdc, 0x02, 0x4f, 0x09, 0x00, 0x88, 0x00, 0xde, 0x02, 0xd7, 0x09,
    0x00, 0xc0, 0x00, 0xe0, 0x02, 0x97, 0x0a, 0x00, 0x5d, 0x00, 0xe2, 0x02,
    0xf4, 0x0a, 0x00, 0x61, 0x00, 0xe4, 0x02, 0x55, 0x0b, 0x00, 0x58, 0x00,
    0xe6, 0x02, 0xad, 0x0b, 0x00, 0x5f, 0x00, 0xe8, 0x02, 0x0c, 0x0c, 0x00,
    0x16, 0x00, 0xea, 0x02, 0x22, 0x0c, 0x00, 0x1f, 0x00, 0xec, 0x02, 0x41,
    0x0c, 0x00, 0x1a, 0x00, 0xee, 0x02, 0x5b, 0x0c, 0x00, 0x11, 0x00, 0xf0,
    0x02, 0x6c, 0x0c, 0x00, 0x11, 0x00, 0xf2, 0x02, 0x7d, 0x0c, 0x00, 0x11,
    0x00, 0xf4, 0x02, 0x8e, 0x0c, 0x00, 0x0c, 0x00, 0xf6, 0x02, 0x9a, 0x0c,
    0x00, 0x3d, 0x00, 0xf8, 0x02, 0xd7, 0x0c, 0x00, 0x7e, 0x00, 0xfa, 0x02,
    0x55, 0x0d, 0x00, 0x2b, 0x00, 0xfc, 0x02, 0x80, 0x0d, 0x00, 0x0a, 0x00,
    0xfe, 0x02, 0x8a, 0x0d, 0x00, 0x0b, 0x00, 0x00, 0x03, 0x95, 0x0d, 0x00,
    0x0c, 0x00, 0x02, 0x03, 0xa1, 0x0d, 0x00, 0x53, 0x00, 0x04, 0x03, 0xf4,
    0x0d, 0x00, 0x43, 0x00, 0x06, 0x03, 0x37, 0x0e, 0x00, 0x26, 0x00, 0x08,
    0x03, 0x5d, 0x0e, 0x00, 0x27, 0x00, 0x0a, 0x03, 0x84, 0x0e, 0x00, 0x89,
    0x00, 0x0c, 0x03, 0x0d, 0x0f, 0x00, 0xc0, 0x00, 0x0e, 0x03, 0xcd, 0x0f,
    0x00, 0xfc, 0x00, 0x10, 0x03, 0xc9, 0x10, 0x00, 0x74, 0x00, 0x12, 0x03,
    0x3d, 0x11, 0x00, 0x0d, 0x00, 0x14, 0x03, 0x4a, 0x11, 0x00, 0x0e, 0x00,
    0x16, 0x03, 0x58, 0x11, 0x00, 0x0f, 0x00, 0x18, 0x03, 0x67, 0x11, 0x00,
    0x10, 0x00, 0x1a, 0x03, 0x77, 0x11, 0x00, 0x44, 0x00, 0x1c, 0x03, 0xbb,
    0x11, 0x00, 0x3f, 0x00, 0x1e, 0x03, 0xfa, 0x11, 0x00, 0x35, 0x00, 0x20,
    0x03, 0x2f, 0x12, 0x00, 0x0b, 0x00, 0x22, 0x03, 0x3a, 0x12, 0x00, 0x42,
    0x00, 0x24, 0x03, 0x7c, 0x12, 0x00, 0x63, 0x00, 0x26, 0x03, 0xdf, 0x12,
    0x00, 0x3b, 0x00, 0x28, 0x03, 0x1a, 0x13, 0x00, 0x50, 0x00, 0x2a, 0x03,
    0x6a, 0x13, 0x00, 0x42, 0x00, 0x2c, 0x03, 0xac, 0x13, 0x00, 0xee, 0x00,
    0x2e, 0x03, 0x9a, 0x14, 0x00, 0x59, 0x00, 0x30, 0x03, 0xf3, 0x14, 0x00,
    0x16, 0x00, 0x32, 0x03, 0x09, 0x15, 0x00, 0x57, 0x00, 0x34, 0x03, 0x60,
    0x15, 0x00, 0xd4, 0x00, 0x36, 0x03, 0x34, 0x16, 0x00, 0x2b, 0x00, 0x38,
    0x03, 0x5f, 0x16, 0x00, 0x65, 0x00, 0x3a, 0x03, 0xc4, 0x16, 0x00, 0x2e,
    0x00, 0x3c, 0x03, 0xf2, 0x16, 0x00, 0x32, 0x00, 0x3e, 0x03, 0x24, 0x17,
    0x00, 0x45, 0x00, 0x40, 0x03, 0x69, 0x17, 0x00, 0x4a, 0x00, 0x42, 0x03,
    0xb3, 0x17, 0x00, 0x3f, 0x00, 0x44, 0x03, 0xf2, 0x17, 0x00, 0x25, 0x00,
    0x46, 0x03, 0x17, 0x18, 0x00, 0x1b, 0x00, 0x48, 0x03, 0x32, 0x18, 0x00,
    0xf5, 0x00, 0x4a, 0x03, 0x27, 0x19, 0x00, 0x1f, 0x00, 0x4c, 0x03, 0x46,
    0x19, 0x00, 0x0e, 0x00, 0x4e, 0x03, 0x54, 0x19, 0x00, 0x1a, 0x00, 0x50,
    0x03, 0x6e, 0x19, 0x00, 0x22, 0x00, 0x52, 0x03, 0x90, 0x19, 0x00, 0x5d,
    0x00, 0x54, 0x03, 0xed, 0x19, 0x00, 0x2d, 0x00, 0x56, 0x03, 0x1a, 0x1a,
    0x00, 0x1f, 0x00, 0x58, 0x03, 0x39, 0x1a, 0x00, 0x14, 0x00, 0x5a, 0x03,
    0x4d, 0x1a, 0x00, 0x6f, 0x00, 0x5c, 0x03, 0xbc, 0x1a, 0x00, 0x49, 0x00,
    0x5e, 0x03, 0x05, 0x1b, 0x00, 0x68, 0x00, 0x60, 0x03, 0x6d, 0x1b, 0x00,
    0x14, 0x00, 0x62, 0x03, 0x81, 0x1b, 0x00, 0x24, 0x00, 0x64, 0x03, 0xa5,
    0x1b, 0x00, 0x2b, 0x00, 0x66, 0x03, 0xd0, 0x1b, 0x00, 0x31, 0x00, 0x68,
    0x03, 0x01, 0x1c, 0x00, 0x25, 0x00, 0x6a, 0x03, 0x26, 0x1c, 0x00, 0x38,
    0x00, 0x6c, 0x03, 0x5e, 0x1c, 0x00, 0x68, 0x00, 0x6e, 0x03, 0xc6, 0x1c,
    0x00, 0x1a, 0x00, 0x70, 0x03, 0xe0, 0x1c, 0x00, 0x6c, 0x00, 0x72, 0x03,
    0x4c, 0x1d, 0x00, 0x0e, 0x00, 0x74, 0x03, 0x5a, 0x1d, 0x00, 0x1f, 0x00,
    0x76, 0x03, 0x79, 0x1d, 0x00, 0x3e, 0x00, 0x78, 0x03, 0xb7, 0x1d, 0x00,
    0x2b, 0x00, 0x7a, 0x03, 0xe2, 0x1d, 0x00, 0x41, 0x00, 0x7c, 0x03, 0x23,
    0x1e, 0x00, 0x59, 0x00, 0x7e, 0x03, 0x7c, 0x1e, 0x00, 0x8c, 0x00, 0x80,
    0x03, 0x08, 0x1f, 0x00, 0x6c, 0x00, 0x82, 0x03, 0x74, 0x1f, 0x00, 0x4f,
    0x00, 0x84, 0x03, 0xc3, 0x1f, 0x00, 0xb1, 0x00, 0x86, 0x03, 0x74, 0x20,
    0x00, 0x30, 0x00, 0x88, 0x03, 0xa4, 0x20, 0x00, 0x41, 0x00, 0x8a, 0x03,
    0xe5, 0x20, 0x00, 0x5b, 0x00, 0x8c, 0x03, 0x40, 0x21, 0x00, 0x27, 0x00,
    0x8e, 0x03, 0x67, 0x21, 0x00, 0x8d, 0x00, 0x90, 0x03, 0xf4, 0x21, 0x00,
    0xa9, 0x00, 0x92, 0x03, 0x9d, 0x22, 0x00, 0xbe, 0x00, 0x94, 0x03, 0x5b,
    0x23, 0x00, 0x1a, 0x00, 0x96, 0x03, 0x75, 0x23, 0x00, 0x39, 0x00, 0x98,
    0x03, 0xae, 0x23, 0x00, 0x8c, 0x00, 0x9a, 0x03, 0x3a, 0x24, 0x00, 0x69,
    0x00, 0x9c, 0x03, 0xa3, 0x24, 0x00, 0xe4, 0x00, 0x9e, 0x03, 0x87, 0x25,
    0x00, 0x2e, 0x00, 0xa0, 0x03, 0xb5, 0x25, 0x00, 0x60, 0x00, 0xa2, 0x03,
    0x15, 0x26, 0x00, 0x23, 0x00, 0xa4, 0x03, 0x38, 0x26, 0x00, 0x26, 0x00,
    0xa6, 0x03, 0x5e, 0x26, 0x00, 0xba, 0x00, 0xa8, 0x03, 0x18, 0x27, 0x00,
    0x4b, 0x00, 0xaa, 0x03, 0x63, 0x27, 0x00, 0x1d, 0x00, 0xac, 0x03, 0x80,
    0x27, 0x00, 0x18, 0x00, 0xae, 0x03, 0x98, 0x27, 0x00, 0x2f, 0x00, 0xb0,
    0x03, 0xc7, 0x27, 0x00, 0x33, 0x00, 0xb2, 0x03, 0xfa, 0x27, 0x00, 0x3d,
    0x00, 0xb4, 0x03, 0x37, 0x28, 0x00, 0x61, 0x00, 0xb6, 0x03, 0x98, 0x28,
    0x00, 0x4e, 0x00, 0xb8, 0x03, 0xe6, 0x28, 0x00, 0x34, 0x00, 0xba, 0x03,
    0x1a, 0x29, 0x00, 0x74, 0x00, 0xbc, 0x03, 0x8e, 0x29, 0x00, 0x77, 0x00,
    0xbe, 0x03, 0x05, 0x2a, 0x00, 0xaf, 0x00, 0xc0, 0x03, 0xb4, 0x2a, 0x00,
    0x38, 0x00, 0xc2, 0x03, 0xec, 0x2a, 0x00, 0x4d, 0x00, 0xc4, 0x03, 0x39,
    0x2b, 0x00, 0xa8, 0x00, 0xc6, 0x03, 0xe1, 0x2b, 0x00, 0x45, 0x00, 0xc8,
    0x03, 0x26, 0x2c, 0x00, 0x3b, 0x00, 0xca, 0x03, 0x61, 0x2c, 0x00, 0x84,
    0x00, 0xcc, 0x03, 0xe5, 0x2c, 0x00, 0x13, 0x00, 0xce, 0x03, 0xf8, 0x2c,
    0x00, 0x18, 0x00, 0xd0, 0x03, 0x10, 0x2d, 0x00, 0x1a, 0x00, 0xd2, 0x03,
    0x2a, 0x2d, 0x00, 0x87, 0x00, 0xd4, 0x03, 0xb1, 0x2d, 0x00, 0x26, 0x00,
    0xd6, 0x03, 0xd7, 0x2d, 0x00, 0x5b, 0x00, 0xd8, 0x03, 0x32, 0x2e, 0x00,
    0x94, 0x00, 0xda, 0x03, 0xc6, 0x2e, 0x00, 0xb1, 0x00, 0xdc, 0x03, 0x77,
    0x2f, 0x00, 0xa6, 0x00, 0xde, 0x03, 0x1d, 0x30, 0x00, 0x79, 0x00, 0xe0,
    0x03, 0x96, 0x30, 0x00, 0xa3, 0x00, 0xe2, 0x03, 0x39, 0x31, 0x00, 0x8a,
    0x00, 0xe4, 0x03, 0xc3, 0x31, 0x00, 0x39, 0x00, 0xe6, 0x03, 0xfc, 0x31,
    0x00, 0x41, 0x00, 0xe8, 0x03, 0x3d, 0x32, 0x00, 0x89, 0x00, 0xea, 0x03,
    0xc6, 0x32, 0x00, 0x57, 0x00, 0xec, 0x03, 0x1d, 0x33, 0x00, 0x57, 0x00,
    0xee, 0x03, 0x74, 0x33, 0x00, 0xfb, 0x00, 0xf0, 0x03, 0x6f, 0x34, 0x00,
    0x79, 0x00
};

const lisp65_bc_stdlib_entry lisp65_bytecode_stdlib_entries[] LISP65_STDLIB_BOOTDATA = {
    { lisp65_bc_boot_str_000, 0x000000u, 0u, 0u, 101u, 0u, 1u },
    { lisp65_bc_boot_str_001, 0x000065u, 0u, 101u, 54u, 1u, 2u },
    { lisp65_bc_boot_str_002, 0x00009bu, 0u, 155u, 32u, 3u, 2u },
    { lisp65_bc_boot_str_003, 0x0000bbu, 0u, 187u, 66u, 5u, 6u },
    { lisp65_bc_boot_str_004, 0x0000fdu, 0u, 253u, 44u, 11u, 2u },
    { lisp65_bc_boot_str_005, 0x000129u, 0u, 297u, 28u, 13u, 2u },
    { lisp65_bc_boot_str_006, 0x000145u, 0u, 325u, 10u, 15u, 0u },
    { lisp65_bc_boot_str_007, 0x00014fu, 0u, 335u, 11u, 15u, 0u },
    { lisp65_bc_boot_str_008, 0x00015au, 0u, 346u, 50u, 15u, 3u },
    { lisp65_bc_boot_str_009, 0x00018cu, 0u, 396u, 13u, 18u, 0u },
    { lisp65_bc_boot_str_010, 0x000199u, 0u, 409u, 17u, 18u, 0u },
    { lisp65_bc_boot_str_011, 0x0001aau, 0u, 426u, 10u, 18u, 0u },
    { lisp65_bc_boot_str_012, 0x0001b4u, 0u, 436u, 10u, 18u, 0u },
    { lisp65_bc_boot_str_013, 0x0001beu, 0u, 446u, 78u, 18u, 1u },
    { lisp65_bc_boot_str_014, 0x00020cu, 0u, 524u, 86u, 19u, 1u },
    { lisp65_bc_boot_str_015, 0x000262u, 0u, 610u, 18u, 20u, 2u },
    { lisp65_bc_boot_str_016, 0x000274u, 0u, 628u, 35u, 22u, 2u },
    { lisp65_bc_boot_str_017, 0x000297u, 0u, 663u, 19u, 24u, 2u },
    { lisp65_bc_boot_str_018, 0x0002aau, 0u, 682u, 24u, 26u, 3u },
    { lisp65_bc_boot_str_019, 0x0002c2u, 0u, 706u, 38u, 29u, 1u },
    { lisp65_bc_boot_str_020, 0x0002e8u, 0u, 744u, 23u, 30u, 1u },
    { lisp65_bc_boot_str_021, 0x0002ffu, 0u, 767u, 31u, 31u, 2u },
    { lisp65_bc_boot_str_022, 0x00031eu, 0u, 798u, 29u, 33u, 2u },
    { lisp65_bc_boot_str_023, 0x00033bu, 0u, 827u, 31u, 35u, 1u },
    { lisp65_bc_boot_str_024, 0x00035au, 0u, 858u, 36u, 36u, 1u },
    { lisp65_bc_boot_str_025, 0x00037eu, 0u, 894u, 37u, 37u, 3u },
    { lisp65_bc_boot_str_026, 0x0003a3u, 0u, 931u, 41u, 40u, 2u },
    { lisp65_bc_boot_str_027, 0x0003ccu, 0u, 972u, 31u, 42u, 1u },
    { lisp65_bc_boot_str_028, 0x0003ebu, 0u, 1003u, 12u, 43u, 1u },
    { lisp65_bc_boot_str_029, 0x0003f7u, 0u, 1015u, 41u, 44u, 2u },
    { lisp65_bc_boot_str_030, 0x000420u, 0u, 1056u, 37u, 46u, 2u },
    { lisp65_bc_boot_str_031, 0x000445u, 0u, 1093u, 49u, 48u, 3u },
    { lisp65_bc_boot_str_032, 0x000476u, 0u, 1142u, 58u, 51u, 3u },
    { lisp65_bc_boot_str_033, 0x0004b0u, 0u, 1200u, 24u, 54u, 1u },
    { lisp65_bc_boot_str_034, 0x0004c8u, 0u, 1224u, 21u, 55u, 1u },
    { lisp65_bc_boot_str_035, 0x0004ddu, 0u, 1245u, 46u, 56u, 4u },
    { lisp65_bc_boot_str_036, 0x00050bu, 0u, 1291u, 36u, 60u, 3u },
    { lisp65_bc_boot_str_037, 0x00052fu, 0u, 1327u, 44u, 63u, 3u },
    { lisp65_bc_boot_str_038, 0x00055bu, 0u, 1371u, 193u, 66u, 9u },
    { lisp65_bc_boot_str_039, 0x00061cu, 0u, 1564u, 252u, 75u, 13u },
    { lisp65_bc_boot_str_040, 0x000718u, 0u, 1816u, 234u, 88u, 10u },
    { lisp65_bc_boot_str_041, 0x000802u, 0u, 2050u, 144u, 98u, 9u },
    { lisp65_bc_boot_str_042, 0x000892u, 0u, 2194u, 189u, 107u, 13u },
    { lisp65_bc_boot_str_043, 0x00094fu, 0u, 2383u, 136u, 120u, 9u },
    { lisp65_bc_boot_str_044, 0x0009d7u, 0u, 2519u, 192u, 129u, 14u },
    { lisp65_bc_boot_str_045, 0x000a97u, 0u, 2711u, 93u, 143u, 5u },
    { lisp65_bc_boot_str_046, 0x000af4u, 0u, 2804u, 97u, 148u, 6u },
    { lisp65_bc_boot_str_047, 0x000b55u, 0u, 2901u, 88u, 154u, 5u },
    { lisp65_bc_boot_str_048, 0x000badu, 0u, 2989u, 95u, 159u, 6u },
    { lisp65_bc_boot_str_049, 0x000c0cu, 0u, 3084u, 22u, 165u, 0u },
    { lisp65_bc_boot_str_050, 0x000c22u, 0u, 3106u, 31u, 165u, 1u },
    { lisp65_bc_boot_str_051, 0x000c41u, 0u, 3137u, 26u, 200u, 3u },
    { lisp65_bc_boot_str_052, 0x000c5bu, 0u, 3163u, 17u, 251u, 2u },
    { lisp65_bc_boot_str_053, 0x000c6cu, 0u, 3180u, 17u, 327u, 2u },
    { lisp65_bc_boot_str_054, 0x000c7du, 0u, 3197u, 17u, 329u, 1u },
    { lisp65_bc_boot_str_055, 0x000c8eu, 0u, 3214u, 12u, 330u, 0u },
    { lisp65_bc_boot_str_056, 0x000c9au, 0u, 3226u, 61u, 330u, 6u },
    { lisp65_bc_boot_str_057, 0x000cd7u, 0u, 3287u, 126u, 336u, 7u },
    { lisp65_bc_boot_str_058, 0x000d55u, 0u, 3413u, 43u, 343u, 4u },
    { lisp65_bc_boot_str_059, 0x000d80u, 0u, 3456u, 10u, 347u, 0u },
    { lisp65_bc_boot_str_060, 0x000d8au, 0u, 3466u, 11u, 347u, 0u },
    { lisp65_bc_boot_str_061, 0x000d95u, 0u, 3477u, 12u, 347u, 0u },
    { lisp65_bc_boot_str_062, 0x000da1u, 0u, 3489u, 83u, 347u, 9u },
    { lisp65_bc_boot_str_063, 0x000df4u, 0u, 3572u, 67u, 356u, 1u },
    { lisp65_bc_boot_str_064, 0x000e37u, 0u, 3639u, 38u, 357u, 4u },
    { lisp65_bc_boot_str_065, 0x000e5du, 0u, 3677u, 39u, 361u, 2u },
    { lisp65_bc_boot_str_066, 0x000e84u, 0u, 3716u, 137u, 363u, 3u },
    { lisp65_bc_boot_str_067, 0x000f0du, 0u, 3853u, 192u, 366u, 8u },
    { lisp65_bc_boot_str_068, 0x000fcdu, 0u, 4045u, 252u, 374u, 10u },
    { lisp65_bc_boot_str_069, 0x0010c9u, 0u, 4297u, 116u, 384u, 3u },
    { lisp65_bc_boot_str_070, 0x00113du, 0u, 4413u, 13u, 387u, 0u },
    { lisp65_bc_boot_str_071, 0x00114au, 0u, 4426u, 14u, 387u, 0u },
    { lisp65_bc_boot_str_072, 0x001158u, 0u, 4440u, 15u, 387u, 0u },
    { lisp65_bc_boot_str_073, 0x001167u, 0u, 4455u, 16u, 387u, 0u },
    { lisp65_bc_boot_str_074, 0x001177u, 0u, 4471u, 68u, 387u, 1u },
    { lisp65_bc_boot_str_075, 0x0011bbu, 0u, 4539u, 63u, 388u, 1u },
    { lisp65_bc_boot_str_076, 0x0011fau, 0u, 4602u, 53u, 389u, 3u },
    { lisp65_bc_boot_str_077, 0x00122fu, 0u, 4655u, 11u, 392u, 0u },
    { lisp65_bc_boot_str_078, 0x00123au, 0u, 4666u, 66u, 392u, 1u },
    { lisp65_bc_boot_str_079, 0x00127cu, 0u, 4732u, 99u, 393u, 9u },
    { lisp65_bc_boot_str_080, 0x0012dfu, 0u, 4831u, 59u, 402u, 8u },
    { lisp65_bc_boot_str_081, 0x00131au, 0u, 4890u, 80u, 410u, 7u },
    { lisp65_bc_boot_str_082, 0x00136au, 0u, 4970u, 66u, 417u, 6u },
    { lisp65_bc_boot_str_083, 0x0013acu, 0u, 5036u, 238u, 423u, 23u },
    { lisp65_bc_boot_str_084, 0x00149au, 0u, 5274u, 89u, 446u, 9u },
    { lisp65_bc_boot_str_085, 0x0014f3u, 0u, 5363u, 22u, 455u, 1u },
    { lisp65_bc_boot_str_086, 0x001509u, 0u, 5385u, 87u, 456u, 3u },
    { lisp65_bc_boot_str_087, 0x001560u, 0u, 5472u, 212u, 459u, 11u },
    { lisp65_bc_boot_str_088, 0x001634u, 0u, 5684u, 43u, 470u, 8u },
    { lisp65_bc_boot_str_089, 0x00165fu, 0u, 5727u, 101u, 478u, 14u },
    { lisp65_bc_boot_str_090, 0x0016c4u, 0u, 5828u, 46u, 492u, 8u },
    { lisp65_bc_boot_str_091, 0x0016f2u, 0u, 5874u, 50u, 500u, 2u },
    { lisp65_bc_boot_str_092, 0x001724u, 0u, 5924u, 69u, 502u, 5u },
    { lisp65_bc_boot_str_093, 0x001769u, 0u, 5993u, 74u, 507u, 5u },
    { lisp65_bc_boot_str_094, 0x0017b3u, 0u, 6067u, 63u, 512u, 4u },
    { lisp65_bc_boot_str_095, 0x0017f2u, 0u, 6130u, 37u, 516u, 4u },
    { lisp65_bc_boot_str_096, 0x001817u, 0u, 6167u, 27u, 520u, 2u },
    { lisp65_bc_boot_str_097, 0x001832u, 0u, 6194u, 245u, 522u, 13u },
    { lisp65_bc_boot_str_098, 0x001927u, 0u, 6439u, 31u, 535u, 2u },
    { lisp65_bc_boot_str_099, 0x001946u, 0u, 6470u, 14u, 537u, 1u },
    { lisp65_bc_boot_str_100, 0x001954u, 0u, 6484u, 26u, 538u, 1u },
    { lisp65_bc_boot_str_101, 0x00196eu, 0u, 6510u, 34u, 539u, 3u },
    { lisp65_bc_boot_str_102, 0x001990u, 0u, 6544u, 93u, 542u, 9u },
    { lisp65_bc_boot_str_103, 0x0019edu, 0u, 6637u, 45u, 551u, 2u },
    { lisp65_bc_boot_str_104, 0x001a1au, 0u, 6682u, 31u, 553u, 2u },
    { lisp65_bc_boot_str_105, 0x001a39u, 0u, 6713u, 20u, 555u, 1u },
    { lisp65_bc_boot_str_106, 0x001a4du, 0u, 6733u, 111u, 556u, 8u },
    { lisp65_bc_boot_str_107, 0x001abcu, 0u, 6844u, 73u, 564u, 4u },
    { lisp65_bc_boot_str_108, 0x001b05u, 0u, 6917u, 104u, 568u, 2u },
    { lisp65_bc_boot_str_109, 0x001b6du, 0u, 7021u, 20u, 570u, 1u },
    { lisp65_bc_boot_str_110, 0x001b81u, 0u, 7041u, 36u, 571u, 1u },
    { lisp65_bc_boot_str_111, 0x001ba5u, 0u, 7077u, 43u, 572u, 1u },
    { lisp65_bc_boot_str_112, 0x001bd0u, 0u, 7120u, 49u, 573u, 1u },
    { lisp65_bc_boot_str_113, 0x001c01u, 0u, 7169u, 37u, 574u, 1u },
    { lisp65_bc_boot_str_114, 0x001c26u, 0u, 7206u, 56u, 575u, 3u },
    { lisp65_bc_boot_str_115, 0x001c5eu, 0u, 7262u, 104u, 578u, 2u },
    { lisp65_bc_boot_str_116, 0x001cc6u, 0u, 7366u, 26u, 580u, 1u },
    { lisp65_bc_boot_str_117, 0x001ce0u, 0u, 7392u, 108u, 581u, 1u },
    { lisp65_bc_boot_str_118, 0x001d4cu, 0u, 7500u, 14u, 582u, 1u },
    { lisp65_bc_boot_str_119, 0x001d5au, 0u, 7514u, 31u, 583u, 1u },
    { lisp65_bc_boot_str_120, 0x001d79u, 0u, 7545u, 62u, 584u, 4u },
    { lisp65_bc_boot_str_121, 0x001db7u, 0u, 7607u, 43u, 588u, 3u },
    { lisp65_bc_boot_str_122, 0x001de2u, 0u, 7650u, 65u, 591u, 5u },
    { lisp65_bc_boot_str_123, 0x001e23u, 0u, 7715u, 89u, 596u, 6u },
    { lisp65_bc_boot_str_124, 0x001e7cu, 0u, 7804u, 140u, 602u, 8u },
    { lisp65_bc_boot_str_125, 0x001f08u, 0u, 7944u, 108u, 610u, 4u },
    { lisp65_bc_boot_str_126, 0x001f74u, 0u, 8052u, 79u, 614u, 4u },
    { lisp65_bc_boot_str_127, 0x001fc3u, 0u, 8131u, 177u, 618u, 11u },
    { lisp65_bc_boot_str_128, 0x002074u, 0u, 8308u, 48u, 629u, 1u },
    { lisp65_bc_boot_str_129, 0x0020a4u, 0u, 8356u, 65u, 630u, 2u },
    { lisp65_bc_boot_str_130, 0x0020e5u, 0u, 8421u, 91u, 632u, 2u },
    { lisp65_bc_boot_str_131, 0x002140u, 0u, 8512u, 39u, 634u, 1u },
    { lisp65_bc_boot_str_132, 0x002167u, 0u, 8551u, 141u, 635u, 9u },
    { lisp65_bc_boot_str_133, 0x0021f4u, 0u, 8692u, 169u, 644u, 11u },
    { lisp65_bc_boot_str_134, 0x00229du, 0u, 8861u, 190u, 655u, 6u },
    { lisp65_bc_boot_str_135, 0x00235bu, 0u, 9051u, 26u, 661u, 2u },
    { lisp65_bc_boot_str_136, 0x002375u, 0u, 9077u, 57u, 663u, 3u },
    { lisp65_bc_boot_str_137, 0x0023aeu, 0u, 9134u, 140u, 666u, 2u },
    { lisp65_bc_boot_str_138, 0x00243au, 0u, 9274u, 105u, 668u, 8u },
    { lisp65_bc_boot_str_139, 0x0024a3u, 0u, 9379u, 228u, 676u, 10u },
    { lisp65_bc_boot_str_140, 0x002587u, 0u, 9607u, 46u, 686u, 4u },
    { lisp65_bc_boot_str_141, 0x0025b5u, 0u, 9653u, 96u, 690u, 9u },
    { lisp65_bc_boot_str_142, 0x002615u, 0u, 9749u, 35u, 699u, 2u },
    { lisp65_bc_boot_str_143, 0x002638u, 0u, 9784u, 38u, 701u, 2u },
    { lisp65_bc_boot_str_144, 0x00265eu, 0u, 9822u, 186u, 703u, 8u },
    { lisp65_bc_boot_str_145, 0x002718u, 0u, 10008u, 75u, 711u, 6u },
    { lisp65_bc_boot_str_146, 0x002763u, 0u, 10083u, 29u, 717u, 2u },
    { lisp65_bc_boot_str_147, 0x002780u, 0u, 10112u, 24u, 719u, 2u },
    { lisp65_bc_boot_str_148, 0x002798u, 0u, 10136u, 47u, 721u, 6u },
    { lisp65_bc_boot_str_149, 0x0027c7u, 0u, 10183u, 51u, 727u, 2u },
    { lisp65_bc_boot_str_150, 0x0027fau, 0u, 10234u, 61u, 729u, 4u },
    { lisp65_bc_boot_str_151, 0x002837u, 0u, 10295u, 97u, 733u, 4u },
    { lisp65_bc_boot_str_152, 0x002898u, 0u, 10392u, 78u, 737u, 2u },
    { lisp65_bc_boot_str_153, 0x0028e6u, 0u, 10470u, 52u, 739u, 0u },
    { lisp65_bc_boot_str_154, 0x00291au, 0u, 10522u, 116u, 739u, 5u },
    { lisp65_bc_boot_str_155, 0x00298eu, 0u, 10638u, 119u, 744u, 3u },
    { lisp65_bc_boot_str_156, 0x002a05u, 0u, 10757u, 175u, 747u, 6u },
    { lisp65_bc_boot_str_157, 0x002ab4u, 0u, 10932u, 56u, 753u, 1u },
    { lisp65_bc_boot_str_158, 0x002aecu, 0u, 10988u, 77u, 754u, 4u },
    { lisp65_bc_boot_str_159, 0x002b39u, 0u, 11065u, 168u, 770u, 11u },
    { lisp65_bc_boot_str_160, 0x002be1u, 0u, 11233u, 69u, 781u, 6u },
    { lisp65_bc_boot_str_161, 0x002c26u, 0u, 11302u, 59u, 787u, 4u },
    { lisp65_bc_boot_str_162, 0x002c61u, 0u, 11361u, 132u, 791u, 5u },
    { lisp65_bc_boot_str_163, 0x002ce5u, 0u, 11493u, 19u, 796u, 1u },
    { lisp65_bc_boot_str_164, 0x002cf8u, 0u, 11512u, 24u, 797u, 1u },
    { lisp65_bc_boot_str_165, 0x002d10u, 0u, 11536u, 26u, 798u, 2u },
    { lisp65_bc_boot_str_166, 0x002d2au, 0u, 11562u, 135u, 800u, 8u },
    { lisp65_bc_boot_str_167, 0x002db1u, 0u, 11697u, 38u, 808u, 3u },
    { lisp65_bc_boot_str_168, 0x002dd7u, 0u, 11735u, 91u, 811u, 8u },
    { lisp65_bc_boot_str_169, 0x002e32u, 0u, 11826u, 148u, 819u, 11u },
    { lisp65_bc_boot_str_170, 0x002ec6u, 0u, 11974u, 177u, 830u, 12u },
    { lisp65_bc_boot_str_171, 0x002f77u, 0u, 12151u, 166u, 842u, 12u },
    { lisp65_bc_boot_str_172, 0x00301du, 0u, 12317u, 121u, 854u, 9u },
    { lisp65_bc_boot_str_173, 0x003096u, 0u, 12438u, 163u, 863u, 3u },
    { lisp65_bc_boot_str_174, 0x003139u, 0u, 12601u, 138u, 866u, 11u },
    { lisp65_bc_boot_str_175, 0x0031c3u, 0u, 12739u, 57u, 877u, 7u },
    { lisp65_bc_boot_str_176, 0x0031fcu, 0u, 12796u, 65u, 884u, 1u },
    { lisp65_bc_boot_str_177, 0x00323du, 0u, 12861u, 137u, 885u, 11u },
    { lisp65_bc_boot_str_178, 0x0032c6u, 0u, 12998u, 87u, 896u, 10u },
    { lisp65_bc_boot_str_179, 0x00331du, 0u, 13085u, 87u, 906u, 10u },
    { lisp65_bc_boot_str_180, 0x003374u, 0u, 13172u, 251u, 916u, 21u },
    { lisp65_bc_boot_str_181, 0x00346fu, 0u, 13423u, 121u, 937u, 10u },
};

#endif /* LISP65_BYTECODE_STDLIB_EMIT_FULL_METADATA */

#ifdef LISP65_VM
const uint16_t lisp65_stdlib_blob_len = LISP65_BYTECODE_STDLIB_BLOB_BYTES;
const uint8_t lisp65_stdlib_bank = 0x00u;
const uint16_t lisp65_stdlib_off = 0x0000u;
const vm_embed_entry lisp65_embed[] LISP65_STDLIB_BOOTDATA = {
    { lisp65_bc_boot_str_000, 0x00u, 0u, 0x0000u, 101u },
    { lisp65_bc_boot_str_001, 0x00u, 0u, 0x0065u, 54u },
    { lisp65_bc_boot_str_002, 0x00u, 0u, 0x009bu, 32u },
    { lisp65_bc_boot_str_003, 0x00u, 0u, 0x00bbu, 66u },
    { lisp65_bc_boot_str_004, 0x00u, 0u, 0x00fdu, 44u },
    { lisp65_bc_boot_str_005, 0x00u, 0u, 0x0129u, 28u },
    { lisp65_bc_boot_str_006, 0x00u, 0u, 0x0145u, 10u },
    { lisp65_bc_boot_str_007, 0x00u, 0u, 0x014fu, 11u },
    { lisp65_bc_boot_str_008, 0x00u, 0u, 0x015au, 50u },
    { lisp65_bc_boot_str_009, 0x00u, 0u, 0x018cu, 13u },
    { lisp65_bc_boot_str_010, 0x00u, 0u, 0x0199u, 17u },
    { lisp65_bc_boot_str_011, 0x00u, 0u, 0x01aau, 10u },
    { lisp65_bc_boot_str_012, 0x00u, 0u, 0x01b4u, 10u },
    { lisp65_bc_boot_str_013, 0x00u, 0u, 0x01beu, 78u },
    { lisp65_bc_boot_str_014, 0x00u, 0u, 0x020cu, 86u },
    { lisp65_bc_boot_str_015, 0x00u, 0u, 0x0262u, 18u },
    { lisp65_bc_boot_str_016, 0x00u, 0u, 0x0274u, 35u },
    { lisp65_bc_boot_str_017, 0x00u, 0u, 0x0297u, 19u },
    { lisp65_bc_boot_str_018, 0x00u, 0u, 0x02aau, 24u },
    { lisp65_bc_boot_str_019, 0x00u, 0u, 0x02c2u, 38u },
    { lisp65_bc_boot_str_020, 0x00u, 0u, 0x02e8u, 23u },
    { lisp65_bc_boot_str_021, 0x00u, 0u, 0x02ffu, 31u },
    { lisp65_bc_boot_str_022, 0x00u, 0u, 0x031eu, 29u },
    { lisp65_bc_boot_str_023, 0x00u, 0u, 0x033bu, 31u },
    { lisp65_bc_boot_str_024, 0x00u, 0u, 0x035au, 36u },
    { lisp65_bc_boot_str_025, 0x00u, 0u, 0x037eu, 37u },
    { lisp65_bc_boot_str_026, 0x00u, 0u, 0x03a3u, 41u },
    { lisp65_bc_boot_str_027, 0x00u, 0u, 0x03ccu, 31u },
    { lisp65_bc_boot_str_028, 0x00u, 0u, 0x03ebu, 12u },
    { lisp65_bc_boot_str_029, 0x00u, 0u, 0x03f7u, 41u },
    { lisp65_bc_boot_str_030, 0x00u, 0u, 0x0420u, 37u },
    { lisp65_bc_boot_str_031, 0x00u, 0u, 0x0445u, 49u },
    { lisp65_bc_boot_str_032, 0x00u, 0u, 0x0476u, 58u },
    { lisp65_bc_boot_str_033, 0x00u, 0u, 0x04b0u, 24u },
    { lisp65_bc_boot_str_034, 0x00u, 0u, 0x04c8u, 21u },
    { lisp65_bc_boot_str_035, 0x00u, 0u, 0x04ddu, 46u },
    { lisp65_bc_boot_str_036, 0x00u, 0u, 0x050bu, 36u },
    { lisp65_bc_boot_str_037, 0x00u, 0u, 0x052fu, 44u },
    { lisp65_bc_boot_str_038, 0x00u, 0u, 0x055bu, 193u },
    { lisp65_bc_boot_str_039, 0x00u, 0u, 0x061cu, 252u },
    { lisp65_bc_boot_str_040, 0x00u, 0u, 0x0718u, 234u },
    { lisp65_bc_boot_str_041, 0x00u, 0u, 0x0802u, 144u },
    { lisp65_bc_boot_str_042, 0x00u, 0u, 0x0892u, 189u },
    { lisp65_bc_boot_str_043, 0x00u, 0u, 0x094fu, 136u },
    { lisp65_bc_boot_str_044, 0x00u, 0u, 0x09d7u, 192u },
    { lisp65_bc_boot_str_045, 0x00u, 0u, 0x0a97u, 93u },
    { lisp65_bc_boot_str_046, 0x00u, 0u, 0x0af4u, 97u },
    { lisp65_bc_boot_str_047, 0x00u, 0u, 0x0b55u, 88u },
    { lisp65_bc_boot_str_048, 0x00u, 0u, 0x0badu, 95u },
    { lisp65_bc_boot_str_049, 0x00u, 0u, 0x0c0cu, 22u },
    { lisp65_bc_boot_str_050, 0x00u, 0u, 0x0c22u, 31u },
    { lisp65_bc_boot_str_051, 0x00u, 0u, 0x0c41u, 26u },
    { lisp65_bc_boot_str_052, 0x00u, 0u, 0x0c5bu, 17u },
    { lisp65_bc_boot_str_053, 0x00u, 0u, 0x0c6cu, 17u },
    { lisp65_bc_boot_str_054, 0x00u, 0u, 0x0c7du, 17u },
    { lisp65_bc_boot_str_055, 0x00u, 0u, 0x0c8eu, 12u },
    { lisp65_bc_boot_str_056, 0x00u, 0u, 0x0c9au, 61u },
    { lisp65_bc_boot_str_057, 0x00u, 0u, 0x0cd7u, 126u },
    { lisp65_bc_boot_str_058, 0x00u, 0u, 0x0d55u, 43u },
    { lisp65_bc_boot_str_059, 0x00u, 0u, 0x0d80u, 10u },
    { lisp65_bc_boot_str_060, 0x00u, 0u, 0x0d8au, 11u },
    { lisp65_bc_boot_str_061, 0x00u, 0u, 0x0d95u, 12u },
    { lisp65_bc_boot_str_062, 0x00u, 0u, 0x0da1u, 83u },
    { lisp65_bc_boot_str_063, 0x00u, 0u, 0x0df4u, 67u },
    { lisp65_bc_boot_str_064, 0x00u, 0u, 0x0e37u, 38u },
    { lisp65_bc_boot_str_065, 0x00u, 0u, 0x0e5du, 39u },
    { lisp65_bc_boot_str_066, 0x00u, 0u, 0x0e84u, 137u },
    { lisp65_bc_boot_str_067, 0x00u, 0u, 0x0f0du, 192u },
    { lisp65_bc_boot_str_068, 0x00u, 0u, 0x0fcdu, 252u },
    { lisp65_bc_boot_str_069, 0x00u, 0u, 0x10c9u, 116u },
    { lisp65_bc_boot_str_070, 0x00u, 0u, 0x113du, 13u },
    { lisp65_bc_boot_str_071, 0x00u, 0u, 0x114au, 14u },
    { lisp65_bc_boot_str_072, 0x00u, 0u, 0x1158u, 15u },
    { lisp65_bc_boot_str_073, 0x00u, 0u, 0x1167u, 16u },
    { lisp65_bc_boot_str_074, 0x00u, 0u, 0x1177u, 68u },
    { lisp65_bc_boot_str_075, 0x00u, 0u, 0x11bbu, 63u },
    { lisp65_bc_boot_str_076, 0x00u, 0u, 0x11fau, 53u },
    { lisp65_bc_boot_str_077, 0x00u, 0u, 0x122fu, 11u },
    { lisp65_bc_boot_str_078, 0x00u, 0u, 0x123au, 66u },
    { lisp65_bc_boot_str_079, 0x00u, 0u, 0x127cu, 99u },
    { lisp65_bc_boot_str_080, 0x00u, 0u, 0x12dfu, 59u },
    { lisp65_bc_boot_str_081, 0x00u, 0u, 0x131au, 80u },
    { lisp65_bc_boot_str_082, 0x00u, 0u, 0x136au, 66u },
    { lisp65_bc_boot_str_083, 0x00u, 0u, 0x13acu, 238u },
    { lisp65_bc_boot_str_084, 0x00u, 0u, 0x149au, 89u },
    { lisp65_bc_boot_str_085, 0x00u, 0u, 0x14f3u, 22u },
    { lisp65_bc_boot_str_086, 0x00u, 0u, 0x1509u, 87u },
    { lisp65_bc_boot_str_087, 0x00u, 0u, 0x1560u, 212u },
    { lisp65_bc_boot_str_088, 0x00u, 0u, 0x1634u, 43u },
    { lisp65_bc_boot_str_089, 0x00u, 0u, 0x165fu, 101u },
    { lisp65_bc_boot_str_090, 0x00u, 0u, 0x16c4u, 46u },
    { lisp65_bc_boot_str_091, 0x00u, 0u, 0x16f2u, 50u },
    { lisp65_bc_boot_str_092, 0x00u, 0u, 0x1724u, 69u },
    { lisp65_bc_boot_str_093, 0x00u, 0u, 0x1769u, 74u },
    { lisp65_bc_boot_str_094, 0x00u, 0u, 0x17b3u, 63u },
    { lisp65_bc_boot_str_095, 0x00u, 0u, 0x17f2u, 37u },
    { lisp65_bc_boot_str_096, 0x00u, 0u, 0x1817u, 27u },
    { lisp65_bc_boot_str_097, 0x00u, 0u, 0x1832u, 245u },
    { lisp65_bc_boot_str_098, 0x00u, 0u, 0x1927u, 31u },
    { lisp65_bc_boot_str_099, 0x00u, 0u, 0x1946u, 14u },
    { lisp65_bc_boot_str_100, 0x00u, 0u, 0x1954u, 26u },
    { lisp65_bc_boot_str_101, 0x00u, 0u, 0x196eu, 34u },
    { lisp65_bc_boot_str_102, 0x00u, 0u, 0x1990u, 93u },
    { lisp65_bc_boot_str_103, 0x00u, 0u, 0x19edu, 45u },
    { lisp65_bc_boot_str_104, 0x00u, 0u, 0x1a1au, 31u },
    { lisp65_bc_boot_str_105, 0x00u, 0u, 0x1a39u, 20u },
    { lisp65_bc_boot_str_106, 0x00u, 0u, 0x1a4du, 111u },
    { lisp65_bc_boot_str_107, 0x00u, 0u, 0x1abcu, 73u },
    { lisp65_bc_boot_str_108, 0x00u, 0u, 0x1b05u, 104u },
    { lisp65_bc_boot_str_109, 0x00u, 0u, 0x1b6du, 20u },
    { lisp65_bc_boot_str_110, 0x00u, 0u, 0x1b81u, 36u },
    { lisp65_bc_boot_str_111, 0x00u, 0u, 0x1ba5u, 43u },
    { lisp65_bc_boot_str_112, 0x00u, 0u, 0x1bd0u, 49u },
    { lisp65_bc_boot_str_113, 0x00u, 0u, 0x1c01u, 37u },
    { lisp65_bc_boot_str_114, 0x00u, 0u, 0x1c26u, 56u },
    { lisp65_bc_boot_str_115, 0x00u, 0u, 0x1c5eu, 104u },
    { lisp65_bc_boot_str_116, 0x00u, 0u, 0x1cc6u, 26u },
    { lisp65_bc_boot_str_117, 0x00u, 0u, 0x1ce0u, 108u },
    { lisp65_bc_boot_str_118, 0x00u, 0u, 0x1d4cu, 14u },
    { lisp65_bc_boot_str_119, 0x00u, 0u, 0x1d5au, 31u },
    { lisp65_bc_boot_str_120, 0x00u, 0u, 0x1d79u, 62u },
    { lisp65_bc_boot_str_121, 0x00u, 0u, 0x1db7u, 43u },
    { lisp65_bc_boot_str_122, 0x00u, 0u, 0x1de2u, 65u },
    { lisp65_bc_boot_str_123, 0x00u, 0u, 0x1e23u, 89u },
    { lisp65_bc_boot_str_124, 0x00u, 0u, 0x1e7cu, 140u },
    { lisp65_bc_boot_str_125, 0x00u, 0u, 0x1f08u, 108u },
    { lisp65_bc_boot_str_126, 0x00u, 0u, 0x1f74u, 79u },
    { lisp65_bc_boot_str_127, 0x00u, 0u, 0x1fc3u, 177u },
    { lisp65_bc_boot_str_128, 0x00u, 0u, 0x2074u, 48u },
    { lisp65_bc_boot_str_129, 0x00u, 0u, 0x20a4u, 65u },
    { lisp65_bc_boot_str_130, 0x00u, 0u, 0x20e5u, 91u },
    { lisp65_bc_boot_str_131, 0x00u, 0u, 0x2140u, 39u },
    { lisp65_bc_boot_str_132, 0x00u, 0u, 0x2167u, 141u },
    { lisp65_bc_boot_str_133, 0x00u, 0u, 0x21f4u, 169u },
    { lisp65_bc_boot_str_134, 0x00u, 0u, 0x229du, 190u },
    { lisp65_bc_boot_str_135, 0x00u, 0u, 0x235bu, 26u },
    { lisp65_bc_boot_str_136, 0x00u, 0u, 0x2375u, 57u },
    { lisp65_bc_boot_str_137, 0x00u, 0u, 0x23aeu, 140u },
    { lisp65_bc_boot_str_138, 0x00u, 0u, 0x243au, 105u },
    { lisp65_bc_boot_str_139, 0x00u, 0u, 0x24a3u, 228u },
    { lisp65_bc_boot_str_140, 0x00u, 0u, 0x2587u, 46u },
    { lisp65_bc_boot_str_141, 0x00u, 0u, 0x25b5u, 96u },
    { lisp65_bc_boot_str_142, 0x00u, 0u, 0x2615u, 35u },
    { lisp65_bc_boot_str_143, 0x00u, 0u, 0x2638u, 38u },
    { lisp65_bc_boot_str_144, 0x00u, 0u, 0x265eu, 186u },
    { lisp65_bc_boot_str_145, 0x00u, 0u, 0x2718u, 75u },
    { lisp65_bc_boot_str_146, 0x00u, 0u, 0x2763u, 29u },
    { lisp65_bc_boot_str_147, 0x00u, 0u, 0x2780u, 24u },
    { lisp65_bc_boot_str_148, 0x00u, 0u, 0x2798u, 47u },
    { lisp65_bc_boot_str_149, 0x00u, 0u, 0x27c7u, 51u },
    { lisp65_bc_boot_str_150, 0x00u, 0u, 0x27fau, 61u },
    { lisp65_bc_boot_str_151, 0x00u, 0u, 0x2837u, 97u },
    { lisp65_bc_boot_str_152, 0x00u, 0u, 0x2898u, 78u },
    { lisp65_bc_boot_str_153, 0x00u, 0u, 0x28e6u, 52u },
    { lisp65_bc_boot_str_154, 0x00u, 0u, 0x291au, 116u },
    { lisp65_bc_boot_str_155, 0x00u, 0u, 0x298eu, 119u },
    { lisp65_bc_boot_str_156, 0x00u, 0u, 0x2a05u, 175u },
    { lisp65_bc_boot_str_157, 0x00u, 0u, 0x2ab4u, 56u },
    { lisp65_bc_boot_str_158, 0x00u, 0u, 0x2aecu, 77u },
    { lisp65_bc_boot_str_159, 0x00u, 0u, 0x2b39u, 168u },
    { lisp65_bc_boot_str_160, 0x00u, 0u, 0x2be1u, 69u },
    { lisp65_bc_boot_str_161, 0x00u, 0u, 0x2c26u, 59u },
    { lisp65_bc_boot_str_162, 0x00u, 0u, 0x2c61u, 132u },
    { lisp65_bc_boot_str_163, 0x00u, 0u, 0x2ce5u, 19u },
    { lisp65_bc_boot_str_164, 0x00u, 0u, 0x2cf8u, 24u },
    { lisp65_bc_boot_str_165, 0x00u, 0u, 0x2d10u, 26u },
    { lisp65_bc_boot_str_166, 0x00u, 0u, 0x2d2au, 135u },
    { lisp65_bc_boot_str_167, 0x00u, 0u, 0x2db1u, 38u },
    { lisp65_bc_boot_str_168, 0x00u, 0u, 0x2dd7u, 91u },
    { lisp65_bc_boot_str_169, 0x00u, 0u, 0x2e32u, 148u },
    { lisp65_bc_boot_str_170, 0x00u, 0u, 0x2ec6u, 177u },
    { lisp65_bc_boot_str_171, 0x00u, 0u, 0x2f77u, 166u },
    { lisp65_bc_boot_str_172, 0x00u, 0u, 0x301du, 121u },
    { lisp65_bc_boot_str_173, 0x00u, 0u, 0x3096u, 163u },
    { lisp65_bc_boot_str_174, 0x00u, 0u, 0x3139u, 138u },
    { lisp65_bc_boot_str_175, 0x00u, 0u, 0x31c3u, 57u },
    { lisp65_bc_boot_str_176, 0x00u, 0u, 0x31fcu, 65u },
    { lisp65_bc_boot_str_177, 0x00u, 0u, 0x323du, 137u },
    { lisp65_bc_boot_str_178, 0x00u, 0u, 0x32c6u, 87u },
    { lisp65_bc_boot_str_179, 0x00u, 0u, 0x331du, 87u },
    { lisp65_bc_boot_str_180, 0x00u, 0u, 0x3374u, 251u },
    { lisp65_bc_boot_str_181, 0x00u, 0u, 0x346fu, 121u },
};
const uint16_t lisp65_embed_count = LISP65_BYTECODE_STDLIB_EMBED_COUNT;
#endif /* LISP65_VM */
